189069,17034097,10,유민이 눈빛이 영화를 한 픙 더 빛나게 했습니다.이정재 연기지만 아직도 심장이 벌렁거리고 꿈에 나올까 무섭고 황정민 인간미가 느껴지는 모습 여운이 남습니다. 게이역할도 넘 훌륭했구요덕분에 휴가 기분 만끽했습니다^^
189069,17034091,10,최고~~  이정재와황정민그리고  박정민~~이 조합  옳다!!
189069,17034090,7,"황정민 짠하고 ,, 이정재 무섭구 박정민ㅋㅋㅋ 너무 웃겼어요 오랜만에 영화보며 웃었네요"
189069,17034086,10,완전강추  황정민 이정재만 보인다  독보적이다액션신 쩔고 최근 지대로 만든영화인듯잼나게 지루할틈없이 잘본거같음
189069,17034085,10,"어제 보고 오늘 또 봤는데 역시 재밌다 재미 없다는 사람이 있겠지만 나는 너무 재밌었다 내 스타일 영화 액션 좋아하는데 이런 칼싸움하는 액션이 너무 좋다 이정재, 황정민 배우에 별로 관심 없었는데 이번 영화 보고 좀 좋아하게 될 것 같다 이정재 배우 섹시하고 황정민 배우도 잘생겼고 박정민 배우는 원래 내가 좋아하는 배우 ㅎㅎ 그나저나 박정민 배우 연기 진짜 잘 하는 걸 새삼 다시 한번 실감했다 또 볼지도 모르겠다"
189069,17034083,10,
189069,17034080,2,억지감동에 억지스토리 ...배우들연기도 못살린영화입니다.제작비가 어디로갔는지도 의문이엿음.영화보다 사람들 많이나감.
189069,17034079,10,"타격감이 너무 쩐다.,,...,?"
189069,17034078,8,황정민과 이정재의 케미가 돋보이는 투톱영화
189069,17034077,10,
188909,17034096,1,130만관객?? 130만이 좌절한 영화임. 진짜 최악. 절대절대 보지마세요. 영구와땡칠이 소림사 간다를 다시 보는게 현명할듯. 아우 돈 시간아까워. 이래서 리플 믿어야함!!!ㅠㅠ
188909,17034095,1,전형적인 좌빨 북한미화영화 ㅋㅋㅋ 누가 잘생긴 김제동아니랄까봐 이딴영화에나 나오네 정우성 ㅋㅋㅋ
188909,17034093,1,좌파중 극좌파인 정우성이 민주주의 대통령으로 나오다니 ㅋㅋㅋㅋ역할선정 좀 바로했으면 적당히 어울려야지 걍 북한수령님으로 나오지왜 잘어울리는데 한마디로 똥망작!!!돈아깝다
188909,17034089,1,댓글 알바들이 힘들게 사수하고 있는 영화입니다. 그런데도 폭망중입니다. 클레멘타인이 차라리 더 낫습니다. 댓글 알바들 평점에 속지마세요. 차라리 관람료 아껴서 고기 사드세요.
188909,17034084,10,생각보다 재밌었어요 사회영화로 추천하고 싶네요
188909,17034066,1,쓰레기 같은 내용을 담은 최악의 영화
188909,17034056,10,우리 운명을 결정할 수 없다는 현실이 눈물이 ㅠㅠ 일베충들은 보고 공부 쫌 해라
188909,17034019,10,1을 안보고도 재밌게 볼수 있었던 영화였어용
188909,17034018,9,스토리 몰입감 최고~~ 끝까지 보세요. 볼만해요~
188909,17034016,10,강철비1과 다른 전개생각 못했던 부분을 찝어줘 대한민국의 외교에 대해 생각을 다시 하게 함
185917,17034055,10,신파가 좀 긴 면이 없지 않지만 전개상 필요했고 개인적으로 부산행보다 진일보된 영화라 봄
185917,17034012,5,기대를 너무 많이 했나보네요.
185917,17034011,4,어랏. 스토리가 이상해서 감독이 바꼈나 했는데 아니군. 극본이 바꼈나보군. 비추천. 평점 낮은 이유가 다있음.
185917,17033996,10,"부산행에 비해 스토리가 딸리는 것은 사실입니다...하지만 같은 세계관만 공유한다고 생각하고 보았는데 정말 감동적이였습니다. 부산행이 인간과 좀비, 인간과 인간 사이의 갈등이 1:1이였다면 반도는 인간과의 갈등이 주를 이룹니다. 특히 631부대가 왜 인간성을 상실했을까, 들개라고 하는 반도에서 살아남아 나름의 생활을 해나가는 사람들에게 감정이입을 하면 코로나19의 상황과 매우 유사하다는 점을 느낄 수 있었습니다. 우리가 꺼리고 배척하는 코로나19 의심자와 확진자는 반도의 좀비와 매우 유사한 점을 지니고 있다는 것을. 좀비는 자신이 원해서 그렇게 된 걸까요? 좀비는 자신의 상황을 자각할 수 있는 상황이였을까요? 이 영화는 스토리와 인물의 대사와 행동을 통해서도 감동을 전해주지만 그것보다 더 크게 와닿는 것은 우리가 일상생활에서 피하고, 차별하는 소수자들의 입장입니다. 당사자의 입장을 다시 한 번 생각해보고 한번 더 배려하게 되는 영화였습니다."
185917,17033987,2,공짜표있음 보시고 돈내고 보심 아까울겁니다
185917,17033976,6,임모탄과 기타리스트가 아쉽다. 김태원 형님이라도 모셔서 OST 업그레이드 ㄱㄱ
185917,17033955,10,모하비 차주입니다아주 사실적인 훌륭한 영화네요
185917,17033953,2,좀비영화라고 볼순 없고. 내용이..배우들 연기가 아까운 수준을 넘어 화가 날 정도.갠적으로 정말 역대 최악의 한국영화 중 하나네요.ㅠㅠ 매드맥스는 얼어죽을..
185917,17033951,8,나름 시간 가는줄 모르고 재미있게 봤습니다
185917,17033947,8,신파 빼고 존잼.. 좀비판 매드맥스..
134824,17033923,10,내가 할리우드에서 제일 좋아하는 부부♡
134824,17033846,10,아이들과 함께 보기 좋은 영화입니다. 마술이 좋은 일에 쓰여지면 세상이 아름다워집니다.
134824,17033678,9,어른이 봐도 재밌네요~~
134824,17033655,10,감독과 제작진이 만든 영화를  다 보았기에 기대가 되었어요딸아이 쥬토피아보다 더 재미있었다고음악도 완전 좋았고 자식을 지키려는 주인공의 모습이 감동적이였다고 말하네요친구들과 함께 보았는데 모든 만족한 영화였어요^^
134824,17033422,10,저도 애니멀크래커를 갖고 싶어지더라니깐요~~~^^넘 재밌었었어요ㅎㅎ 동심으로 돌아간 기분♡
134824,17032698,6,재미있었어요아들이좋아했어요
134824,17032149,2,오웬은 일상생활이 지루했고 나는 영화가 지루했다ㅡ.ㅡ
134824,17032099,9,6세아이랑 함께봤어요.아이랑 함께본 영화중. 제가 안졸고 본 첫영화인거같네요.중간에 살짝 지루하려다 막판가며 흥미진진해 지더라구요.덕분에 방학하루 잘 보냈습니다.
134824,17031920,8,음악좋구요저는쏘쏘햇는데무엇보다 7살딸이 너무좋앗다고하네요^
134824,17029955,10,귀여운동물들과 가족이야기 기대됩니다~^^
194799,17033722,2,평점은 믿지못한다더니...
194799,17033677,6,샤크는 안나오는데 왜 빅샤크..?  잠수함이 주인공..
194799,17032591,8,애들이 좋아하네요 중간에 좀 지루합니다
194799,17031440,9,아이들과 재밌게 봤어요~ 올해 짧은 여름방학때 꼭 보시라고 추천합니다^^
194799,17030466,8,생각보다 재밌었어요~
194799,17029518,8,빅샤크는 별로 나오지 않아서 아쉽지만... 아기 잠수함 올리와 젤리 몬스터 꾸꾸의 모험과 우정이 보기 좋네요... 바다에 못 가서 아쉬운데 빅샤크 보면서 시원한 바닷속을 보면서 대리만족합니다~
194799,17029072,2,아무 생각없이 8살.10살 아이들을 데려갔어요..수준이 딱 4-5세용 입니다. 이 애니메이션에서 빅샤크가 도대체 한일이 없는덕 왜 제목이 빅샤크인줄도 모르겠구요..극장에서 처음으로 잠들었던 경험을 하고 왔어요.
194799,17029055,10,딸들이랑봤는데 재밌었어요나름 감동도있구요..
194799,17028721,6,제목이 왜 빅샤크인지 모르겠음
194799,17028402,10,아이들이 너무재미있어해요
187351,17034029,9,에잇찡ㅠㅠ 눈물나ㅠㅠ
187351,17031937,10,"탄탄한 스토리, 하나하나 살아있는 생동감 있는 캐릭터들이 어우러져 너무 재밌게 보았습니다.웃음 포인트도 많은데 마지막에 느낀 감동에 눈물로 일어났어요. 최근 본 영화 중에 최고. 정말 강추. 몇번이고 다시 보고 싶어요"
187351,17030957,9,온워드는 주인공 형제도 좋았지만 주인공 엄마 캐릭터나 그 외 다양하고 매력있는 여성 캐릭터들이 많이 등장해서 좋았음! 픽사가 확실히 좋은 쪽으로 발전하고 있구나 싶었던 영화. 이러니 디즈니 소속이지만 디즈니와는 확실히 차별된다고 보고싶다. 물론 스토리도 생각보다 더 재밌었음. 픽사 어떻게 안 사랑해~
187351,17030889,10,
187351,17030684,10,애니메이션보구 눈물왈칵날뻔한적이 언젠가싶네요나중에 아들 두명낳으면 꼭 보여줄 인생영화
187351,17030514,8,아이와 함께 하기에 너무나 좋았어요.코코이후로 재밌게봤어요.음악이 조금 더 좋았다면 아쉽지만그래도 조심스레 추천합니다.
187351,17030413,8,마법을 어설프게 쓰다가 마지막에 위급하니까 모든 마법 다 쓰는 게 킬링 포인트
187351,17030360,8,초등 아이들과 영화보고 왔어요 감수성 많은 큰애는 눈물도 주륵주륵 흘리고 어린 둘째는 좀 무서워하기도 했어요 그래도 디즈니 특유의 영상미와 감동이 있는 영화였어요!!
187351,17030076,10,아이들과 함께보기 넘 좋은 영화입니다
187351,17028893,10,너무 재밌고 감동적이다
182809,17033234,1,"영화를 제대로 관람하기 전에 SF액션 장르라서 기대를 했지만,막상 영화를 보니깐 정말로 지루했고 액션장면도 그렇게 많지가 않음! 결말부분도 이해가 안되었으며 이걸 영화라고 만들었는지..정말로 2020년 개봉작중 가장 최악의 영화가 될거임"
182809,17032832,7,러시아 영화를 새롭게 알게됐다
182809,17032302,1,내 평생 이 영화로 쏘련 영화는 더이상 없다.
182809,17031493,2,제목이 영화 자체다. 정말 아웃이다.
182809,17030687,7,러시아 영화인데다 러시아 원어 더빙 그대로 상영하기 때문에 헐리우드식 전개나 더빙에 익숙한 사람들한테야 좀 생소한 면이 있을 수는 있다. 하지만 SF영화 치고 CG분량도 많은 편이고 전체적인 CG만 가지고도 볼만한 가치는 충분히 있다고 본다. 반도의 차량씬 CG를 보고 실망했다면 이 영화의 CG를 감상해보기 바란다. 우리나라 CG업체들이 이정도의 질감만 구현할 수 있다면 좋겠다는 생각이 들 정도로 고퀄리티이다. 특히 후반부에 CG의 진가를 볼수 있는 장면이 많다. SF장르를 좋아한다면 킬링 타임용으로는 괜찮은 작품. 참고로 IMDB평점은 이 작품이 반도와 비슷한데  개인적으로 반도보다는 이게 더 볼만했다.
182809,17030378,7,"이거 헐리웃에서 유명배우랑 감독이 연출했음 천만각인데....러시아 영화라서 홀대받네....강철비2, 반도, 다만악 보다 천배는 재밌다. 국산허접데기 영화 그만보고 차라리 이걸 봐라! 국산영화 그걸 뭐하러 돈주고 보냐?? 쯔즛"
182809,17028722,1,5년전에 다운받아서 보다가 재미없어서 버린 영화인데....
182809,17028098,4,지루함을 방해하는 영화
182809,17028025,1,ㅈㄴ재미 없고 지루한데 지들만 심각해서 1시간 이전에 현타 와서 포기함
192066,17033549,10,
192066,17033018,10,
192066,17032385,10,
192066,17032323,10,인생영화등극 섬세한 감정선 따라가다 탄탄한 스토리에 놀람
192066,17030894,10,최고ㅜㅜ 남주에게 빠져버렸다... 교훈도좋아요ㅠㅠ
192066,17030640,10,
192066,17030611,10,침묵 속에 충분히 느껴지는 감정
192066,17030011,4,너무 높아서 일부러 낮게줌. 7점 대 영화. 로맨스 영화였다. 실화 그 자체라지만 실화라 그런지 그냥 그랬음.
192066,17029969,10,자막올라갈 때까지 울었네요. 마음이 아파서 먹하기도 했지만 밝게 끝나서 다행이예요. 중국 특유의 계몽영화 삘이 나네요. 한 번 보시길 추천해 드립니다!
192066,17029812,9,연기도 잘하고 전해주는 메시지도 명확하다
136872,17033857,7,엠마 왓슨 존예보스 ㄹㅇ
136872,17033761,8,미녀와 야수 재개봉 했길래 기분전환 삼아 예매해서 봤는데 노래들이 좋아서 정말 힐링됐어요!! 예매할 때는 몰랐는데 4D로 상영하게 되어서.. 노래 나올때마다 의자 들썩이고 특수효과들도 나오더라구요 어디서 무슨 효과가 나올지 몰라서 계속 긴장하면서 보긴 했지만 더 재밌게 즐긴 것 같습니다. 가볍게 볼 수 있는 기분좋은 영화인 것 같아요
136872,17033612,10,
136872,17033382,10,보통 현실적이었지만 미녀는 야수와 결투하고 신랑만나서 결혼했다.
136872,17033206,10,판타지 1등
136872,17031858,6,한국판 미녀야수가 있다면 벨 역할을 아이유가 했으면 좋겠다는 생각만 하다 옴
136872,17024407,8,영상미 이뿜영화관 가서 봤으면 더 좋았을듯 ㅜㅜ
136872,17009502,10,OST부터 연기까지 모든게 완벽하다 보다보면 벨의 미모에 빠지면서 감탄하게된다 싱크로율도 만족한다 평소에 엠마왓슨언니가 연기하는 영화는 무조건 다보는데 개인적으로 이 영화가 제일 좋은것같다 마지막에 사랑고백하는부분에서 나만 펑펑울었나싶다
136872,16995963,4,원작과 비교되는 무성의한 연출과 헤르미온느의 얼굴로 부르는 노래.
136872,16994475,10,엠마왓슨 얼굴 레전드ㅠㅠ
163788,17033506,10,지니를 사람만들어준 장면이 가장 큰 감동 주인공이 욕심 안부리고 휴머니즘을 알게 해준 장면 좋았습니다!!
163788,17033312,10,"아이와 두 번째 보는 알라딘!! 너무 재미있었어요. 즐겁게 잘 보고, 추억을 만들고 갑니다."
163788,17032826,10,두번 세번 봐도 재미있는 영화ㅠㅠ
163788,17032525,10,제 인생영화인듯해요.이 영화를 거짓말 안 치고작년 알라딘 개봉했을때부터  지금까지 알라딘을 7번이상을 봤어요
163788,17031831,10,4d로 보고왔는데 재밌었어요.~~
163788,17031254,10,짱재밌었어요진짜로찐
163788,17028135,10,개봉해서 혼자봤지만 이번에 재상영때는 너랑 같이 보는구나
163788,17027912,10,작년 개봉했을때보고 재개봉해서 또 봤는데 또봐도 역시 너무 재밌네요~!
163788,17027806,9,재밌게 봤습니다~~
163788,17027704,10,극장에서 볼 수 있으면 무조건 극장이요 ㅠㅠ
194284,17028115,2,상어가족 2시간트는게 더나은수준
194284,17020324,2,시장은 닭 비서는 비선실세
194284,17015914,8,아이들이랑가서 보고왔는데..용기있는 물고기 친구들이 이뻐 보이더라구요.잔잔한 감동이 있는 영화예요~
194284,17001184,10,
194284,17000944,10,알록달록한 색감에 물고기들도 보다보니 귀여워서 정이 가던.. 덕분에 아이들도 집중하면서 재밌게 봤어요^^
194284,17000942,10,"아이들 데리고 주말에 극장가서 봤어요~물 속 물고기들이 나오는 애니메이션이라 아이들도재미있게, 집중해서 보던데.. 교육적 내용도 담고 있어서..유익한 영화였어요. 아이도 재미있었다고 합니다~"
194284,17000939,10,물고기들이 너무 귀엽고 또 환경문제를 아이들이 알기 쉽고 재미있게 잘 풀어 놨네요 . 아이들이 너무 좋아했어요
194284,17000934,10,히어로 물고기 친구들도 너무 귀엽고 특히 바다 세상이 너무 예뻐요. 여행도 못가는데 진짜 바다에 놀러간 듯 구경하는 재미가 쏠쏠~ 아들이 또 보고싶다고 계속 조르네요^^
194284,16998763,2,"4학년.2학년 두  딸과 보러갔는데 이거 미국영화맞나요?중국영화인가 했네요?스토리도 빈약하고 화면도 너무 단순하고기승전결이 있긴 하지만 너무 맹숭맹숭해서 둘째딸 집중 못 하고 얼마나 어수선하던지~~유치원이하 어린이들이 봐야할 수준인데 그러기에도 몰입도 떨어지는~~중간중간 음악이라도 나오면나오겠지만물고기들이 지루하게 늘어지는 대화만 많이하고, 그나마 해마가 암수구분없이 임신한다는 지식 하나 얻어가네요.도리를찾아서, 니모를 찾아서 생각했다가 완젼 폭망. 이럴거면 알라딘을 봤어야 했는데~~돈 아까워요 ㅠ"
194284,16997631,10,"오히려 관람객이 적어 집중해서 영화 관람했어요.아이들이 좋아할만한 점은, 모험심과 독립, 자신감을 불어넣어 줄 겁니다.꼭 보세요. ^^"
185273,17033977,8,"인소 느낌의 소재이긴 하지만, 자비에 돌란의 색으로 잘 풀어낸 영화"
185273,17031083,10,"보고있을 땐 몰랐는데, 마지막 장면과 ost가 자꾸만 생각난다"
185273,17030754,6,누군가의  말처럼 음악이 좋네요~사랑은 설레지만... 괴롭기도..  해~ ㄴ
185273,17028039,8,명대사 : 이~~요!!
185273,17027576,10,어느 평론가가 말하지 않아도 이해할 수 있는 사람과 아무리 말해줘도 이해할 수 없는 사람이 있다고 했다. 그리고 나는 이 말을 정확히 이해한다.
185273,17026695,10,우정도 결국은 사랑의 한 모습이다.
185273,17026092,8,가까웠기에 더 혼란스러운 그 마음. 다만 감정이 친절하지는 않았다.
185273,17025860,8,좋았습니다..
185273,17022160,10,인간이라면 빠져들 수밖에 없는 섬세한 감정선.
185273,17022069,9,맷과 막심이 행복했으면 좋겠다
191143,17033938,7,작은 움직임이 또 다른 움직임을 이끄는 희미한 연대에 대하여.
191143,17033673,10,
191143,17029819,10,와~ 테론언니 몬스터에 이어 이번에도 실존인물과 존똑으로 외모 바꿨더라~ 자연스런 명연기는 말할것도 없고분장상과 더불어 여우주연상도 탔어야했는데ㅜㅜ
191143,17026857,10,"여성의 사회진출이 이뤄진지 몇OO,아직도 사회생활은 여성에게 이리도 가혹하다"
191143,17026770,10,"시의적절한 영화. 권력형 성범죄가 얼마나 개같은지, 알려주는 영화. 이게 여성혐오의 현주소다."
191143,17026557,10,무엇보다 배우분들 연기최고!!
191143,17026527,10,무거운 주제를 무겁지 않게 풀어내려는 모습이 보여서 좋았습니다 자칫하면 오해할 수 있는 부분에서 연기적으로 진실성을 보여주는 모습이 더 와닿았기에 너무 재밌게 봤습니당
191143,17026155,7,여성분들이 보면 느끼는게 많을거 같습니다.
191143,17025917,10,시기적절한 완벽한 영화
191143,17025683,9,권력을 이용한 성착취에 대한 시원한 고발
194693,17031426,10,우리나라에도 드디어 빛이...ㅠㅠㅠㅠ제발 이런거 많이많이
194693,17025635,10,무조건 최고 ㅜㅜㅜ너무 보고싶었고 볼수있어 행복하다너무 가슴시리고 아름다운 그들의 이야기
194693,17024238,7,뭔가 기대를 많이 했는데 기대를 한 것 치고는 그렇게 재미있지는 않았어요ㅜㅠ 그치만 성우 목소리들은 너무 좋았습니당ㅎ그리고 엔딩이 전 적어도 둘이 서로 몸 섞는 장면까지는 나올 줄 알았는데 안 나와서 조금 실망...끝나는 부분이 살짝 애매하더라구요. 그래도 적절한 타이밍에 나와서 관람할 수 있어서 좋았습니다. 못 봤더라면 미련으로 남았겠죠
194693,17016058,6,"일단 영화 먼저, 그다음 원작을 봤는데 이럴거면 걍 원작 완결나고 영화화하든지,,엔딩 오스트만 건졌다!!"
194693,17002783,10,원작을 안보고 관람했고 원작 본 다음 2차도 봤어요 야시로가 누굴 좋아하는지 아리까리했는데 이제 알았어요 원작 안보고 봤을때가 행복한거였네요 관계성이랑 여운이 오래가서 힘들어요
194693,17001666,8,원작을 재미있게 읽어서 나름 재미있었습니다~ 3부작예정이라 그런지 과거 이야기가 잠깐 잠깐 나오던데 처음보는 사람들이 보면 이해 못할것 같았어요~ 다음 후속작도 기대할게요!
194693,17000856,10,원작을 좋아하는데 잘 만들었네요  야시로의 매력이 아련하고 안타깝에 더 잘 표현되어 있어요 마무리 안되는 엔딩이 아쉽지만 다음 편을 기대해야겠어요
194693,17000043,10,"ost를 참 잘 뽑아냈다는 생각이 들고, 원작 이상의 작화에 눈이 즐거웠습니다."
194693,16999954,10,처음볼때는 음? 했지만 소설을 다읽고 두번째 보러갔을땐  감동적이였다.. 정말 대사 하나하나가 너무나도 아름다웠다
194693,16995142,10,"이 작품, 말로만 들었지 만화책보다 먼저 접하게 됐는데... 걍 좀이라도 그쪽 분야 관심 있으면 꼭 보시길~ 특히 엔딩 크레딧이 압권... 본인이 감성적이기도 하지만 오열하다 나옴"
183429,17030925,8,카호 배우가 시종일관 애매함&혐오의 표정을 짓다가 마지막에 차를 타고 달리면서 시원하게 터트려버리는 부분이 좋았다
183429,17029471,9,
183429,17029200,1,일본영화는 참으로 어렵다고 해야하나.  무슨 내용인지는 알겠으나 해석하기 어려움. 공감형성도 어렵고 그냥 심은경의 일본스러운 연기가 어색해서 이상하게 느껴졌다.
183429,17028921,8,홍보를 제대로 못했네요
183429,17028724,5,납득 불가능 일본의 음침함그러나 블루 아워의 순간이 너무 아름답다
183429,17027405,8,나 자신을 들여다보게 하는 영화
183429,17026404,6,한국배우는 한국스럽게 연기하고일본배우는 어색해한다문화적 차이에서오는 이질감에 결국심은경배우가 맡은 역할이 무엇인지 모르겠을정도한국시장을 노려보려던 감독의 미스캐스팅이 아니었을까싶다다섯번이나 봐야 의도를 파악할수있는 영화가 과연 좋은 영화인지 의문 일본갬성 이해하기 쉽지않네..
183429,17026101,2,솔직히 뭔말을하구싶은지  감독만 아는듯
183429,17025444,1,뭘 말하고싶은지 모르겠어..힐링이 대체 어떤장면과 요소에 녹아들었는지전혀....속아버렸지
183429,17025224,10,
174261,17032019,3,재미도 없고 공감도 안되고 새롭지도 뻔하지도 않은 무덤덤 이야기
174261,17030145,10,"영화 시작 30분 경과, 나의 몸은 이제 주체할 수 없는 지경에 이르렀다. 내 영혼은 이미 방콕으로 떠났고 이제는 몸마저 영화관 의자 밑으로 떨어지려고 한다. 눈을 잠시 감았다 떴더니 여주인공은 머리를 풀고 택시를 타고 떠난다. 아, 잠시 졸았구나. 다시 영화에 집중하려 했다. 하지만 나는 마음만 방콕에 떠난 것이 아니었다. 실제로 나는 1시간 10분이라는 시간동안 방콕에 다녀갔다 온 것이었다. 그렇다. 감독 김범삼은 나의 손을 잡고 함께 방콕으로 떠났다. 18 years. 내 외길 인생에 이런 몽롱하고 오묘한 경험은 색달랐다.카오산 탱고. 이 날을 평생 잊지 못할 것이다. 아, 얼마나 의미있던가.""카오산 탱고 했다."" -옆자리 이모씨"
174261,17030121,10,"일단 이 영화는 제가 살아온 OOO 외길인생에서 가장 최고의 영화인것 같습니다. 주인공이 비록 전작에서는 제복경찰2 였지만, 이번 영화에서 주연을 맡고 생각보다 감정 연기를 너무 잘해요!여자 주인공도 일본인인데 한국말을 그냥 자연스럽게 구사하고요..스토리, ost, 연기, 연출 모두가 완벽한 영화였습니다.감독님이 첫 작품이신데도 최고의 완성도를 보였습니다. ost 들으면 잠도 잘 오고요, 하지만 만약에 보다가 잠이 들면 김범삼님이 오셔서 명치 한 대씩 때리시니까 조심하세요."
174261,17029062,7,"영상미가 좋고 여행에 대한 이끌림을 크게 키워준다. 독립영화라 더 긴시간을 들여 인물에 대한 자세한 세부 설명과 장면의 전환에서의 세심함이 확실히 여타 작품들과 비교하기엔 투박한 면이 있으나, 오히려 억지 신파 투성이인 한국 영화속에서 괜찮은 영화를 봤다고 생각한다. 살짝 아쉬운 점이라면 여주인공이 남주인공에게 갑작스레 화를 내는 부분이 조금 심한게 아닌가...?하는 생각이 들긴 하는데, 그래도 전반적으로 다른 부분들은 꽤 긍정적인 시도였다고 생각한다."
174261,17027382,10,한국 영화관람객들이 이런 독립영화를 많이 찾아줘야 한국영화도 더 다양성이 생기고 젊은 감독들이 도전할 수 있는 무대가 만들어질 수 있다고 생각합니다. 영화 보는 내내 너무 아름답고 노래가 좋아서 푹 빠져서 봤습니다 마치 미드나잇 인 파리 태국 버전느낌!! 좋은 영화 잘 봤습니다.!~~
174261,17027001,10,
174261,17026930,8,
174261,17026348,8,여행지에서 이런 감정을 느낄수도 있다고 생각하고 보면 딱 좋을 영화. 잔잔하게 흘러가는 내용에 몰입하게 되더라구요. 태국 방콕의 다양하고 생생한 풍경도 볼만합니다.
174261,17026291,10,퓨어한 영화를 찾으신다면 극장으로 가십시오
174261,17025881,9,영화가 끝난뒤 많은 생각을 했다. 자신은 열심히 현재를 살아간다고 생각했지만 사실 그안을 들여다보면 외로움과 공허함에 늘 현실도피적 성격을 띤 여행을 하는 하영에게 마음이 투영됐다. 영상미와 음악이 여행지의 생동감을 더해줬다.
168051,17032662,8,교훈도있다 좋다  까려면 알고까자
168051,17027532,10,I won’t never give up
168051,17027204,10,선한감동과 울림이 있는 교훈적인 영화!이런영화들이 우리나라에서도 많이 만들어서 개봉되었으면 좋겠어요!
168051,17027186,10,중요한 것은 어떤 것이 정치적이냐는 것이고그 물음을 다들 안고 갔으면 좋겠어요
168051,17027070,10,
168051,17027018,10,
168051,17026907,9,"여성이기에차별받는, 여성이라서 보호 받지도 못하는 현실에 맞써 싸운 여성들의 이야기."
168051,17026838,10,상영관이 적어서 너무나 아쉬운 영화입니다. 많은 사람들이 봤으면.. 자신의 전문성을 사람들을 살리는데 사용하는 주디의 삶에 깊은 감동을 받았습니다.
168051,17026311,10,이런 영화가 추천할 만한 영화죠
168051,17026070,10,어느것 하나 빠짐없이 완벽한 연기와 내용 말이 필요없다 영화관에서만 느낄 수 있는 여운 또한 말이 필요없다 완벽하다
106360,17033437,10,너무 좋았습니다. 역대 영화속 노래 원탑이라고 생각합니다
106360,17032486,10,말이 필요없는 최고의 영화
106360,17031203,10,어제 포함 총 6번 봤는데 볼 때마다 질리지도 않고 감동받고 벅차올라요. 제발 부탁드립니다 영화관에서 이 영화 안 본 분들은 꼭 영화관에서 보세요. 재개봉 소식 듣고 다급히 2번 보고 왔어요ㅎㅎ 또 보러갈 예정 영화 자체만 본다면 완벽한 영화라고 생각해요
106360,17029239,10,최고의 영화 한번 더 봐도 좋은
106360,17027513,10,
106360,17026809,10,말이 필요 있나요?
106360,17026748,8,킬링타임으로 볼만한 정도
106360,17024420,10,또 재개봉 해주시면 안될까요..제발요 그냥 최고임 ㅜㅜ
106360,17024305,1,최악의 영화. 장애인 비하와 불륜으로 얼룩진 사람의 자기자랑을 화려하게 포장하면 사람들이 좋아하는줄 아나? 라는 생각에 화가 났는데 진짜로 사람들이 좋아하는 것이 너무 충격적이다. 영화 보는 내내 토할 것 같았다.
106360,17024126,10,요새 최신개봉영화보다 100배 1000배 더 나음
185269,17028472,8,왜 종교로 인해 인간이 구속받고 그 노예가 되어야 하는가. 소년 아메드를 보며 미성숙한 한 영혼에 깊게 뿌리내린 신앙이라는 멍에가 얼마나 슬프고도 어리석은 것인가...생각했다. 사람을 위한 종교 인간을 자유롭게 해야할 종교라면 얼마나 많은 사람들이 살수 있었을까...
185269,17027976,1,무식한 자가 신념을 가지는 것이 가장 무섭다. 꼴에 사람이라고 선생 앞에서는 거침없이 칼을 휘두르던 자가 자기 죽을 것 같으니까 도움을 청하는 꼴이란.
185269,17026154,8,"품어줄 존재가 없는 아이, 사랑이 없는 소년이 기댄 것은 선도하고 지켜줄 자가 없는 믿음. 사랑이 다가왔을 때 그의 허무에는 잠깐의 웃음이 스쳤지만 소년의 허무를 어떻게 채워 가야 할까."
185269,17024340,10,쉽사리 후기를 남기지 못하겠다. 만감이 교차한다.
185269,17023831,8,중2병 아들 둔 엄마로서 마지막에 울컥했다. 다르덴 형제는 이 참담한 현실에도 불구하고 인간성에 대한 믿음을 일관되게 견지하고 있다는 게 놀랍다. 교육자의 신념인가.
185269,17023566,8,포스터에 저 여자가 성추행. 물론 한국기준으로
185269,17023206,9,신념 때문에 맹목적으로 변해버린 인물을 끈질기게 추적하는 영화. 역시 분석은 하지 않고
185269,17022526,10,영화관에 혼자서 봤다. 볼만했다. 마지막에 ㄹㅇ 반전 있음. 참고로 마지막에 난 웃겼음.
185269,17022041,6,"정말, 영화의 끝이 변화의 시작일까"
185269,17021889,7,광신도 소년의 내적 성장기
10001,17032664,10,시네마천국이아니라 인생천국
10001,17032469,10,알프레도와 토토 이름만 들어도 그리고 음악만 들어도 가슴이 아련해지네요 정말 좋았습니다
10001,17022908,10,순수함과 향수를 불러일으키는ost
10001,17016923,10,90년도에 못보고 이번에 처음 봤어요.전쟁이후 50년대 우울할 수도 있었던 시골동네 이야기를 따뜻하고 유머러스하면서도 감동적으로 만들어낸 스토리에 찬사를 보냅니다. 그 배우들은 자금 어디서 어떻게 지내는지도 궁금해요.
10001,17015720,10,너무너무재미ㅛ아용ㅇㄴ
10001,17005552,10,보는내내 잔잔한 감동에 할말을 잃었습니다
10001,17004215,10,죽을때까지 이보다 좋은 작품은 없을듯 .... 알프레도의 마음이 너무 짠해요... 어느 장면 하나 버릴데가 없음.
10001,17003306,10,나이들수록 생각나는 영화...
10001,17002991,10,너무 좋았습니다.잔잔했습니다.
10001,17002043,10,30여년  지나서 본 시네마천국~ 어른토토가 느꼈을  감정을 충분히 이해할수 있다
187294,17032883,6,재미있을 줄 알았는데 아니었구나;
187294,17032152,6,
187294,17030652,9,"\'현시대\'를 너무나 잘 담아낸, 진짜 현대판 공포영화. 영화가 끝나도 현실은 그대로 이어진다는 것이 진짜 공포가 아닐런지."
187294,17029833,1,속았다 이거볼바에 디워봄 ㄹㅇ
187294,17029598,5,악순환은 반복된다
187294,17028719,6,그저 그런 미스테리. 설득이 되지 않았다.
187294,17028509,7,"올라가는 집값, 갈수록 어려워지는 내집마련, 저출산, 주택배급제, 감시사회 등 영화의 설정이 놀라울정도로 우리나라의 현실과 맞닿아있다."
187294,17027582,6,생각보다 몰입감도 있고 기괴함이 맛을 더한다
187294,17026703,10,8점 정도 주려했는데 평점조절용으로 10점 준다 이게 5점대 영화라니 장난하냐 킬링타임용으로 꽤 괜찮았다
187294,17023149,3,"꼬마새끼 소름돋게 짜증난다는 사람 많은데, 느그 자식들도 느그 하는 나쁜 짓 똑같이 배워서 남들 소름돋게 만든다, 다만 느그랑 똑같아서 모를 뿐이지, 자식 교육 제대로 해라"
195180,17033643,10,카메라를 멈추면 안돼 재방송.  정말 영화 내내 잘 버텨준 내게 더 큰 감동을 받았다.
195180,17033459,10,우에다 신이치로의 성공이 거짓이 아님을 증명한 코믹 수작!
195180,17033354,10,카메라를 멈추면 안 돼를 재밌게 본 사람이라면 만족할듯ㅋㅋ
195180,17033342,10,ㅋㅋㅋ우에다 신이치로 감독이 우에다 신이치로 함
195180,17033332,10,귀엽고 사랑스러운 코미디 ㅋㅋ
195180,17032952,8,역시 장르를 가르는 감독이었다. 이 세상 가장 알다가도 모를 거대한 치유극.
191642,17013784,1,욱십욱우웩에에엑
191642,16996491,10,너무 좋아요! 앞으로도 많이 내주세요
191642,16992196,10,거의 모든 무대를 한번에 볼수있어서 너무 좋았어요!!
191642,16987335,10,이것이프리즘의반짝임이다 중생들아.
191642,16961854,2,이 뭔 오타쿠들이지...?
191642,16950124,10,프리즘의 여신이 우리를 구원해주실거야
191642,16942037,10,보너스로 끝에 귀여운 폭군 악마가 나옵니다
191642,16924264,2,
191642,16910894,10,내 인생 최고의 영화.. 유일하게 시리즈별로 다 봤다
191642,16901707,10,"너, 프리즘 쇼는 좋아하니?"
194368,17033979,10,양화는 너무 감동적이고 좋았는데.. 영화볼때 제발 메너 좀 지켜주세요.  전화가 오는데 불빛이 반짝 무슨 나이트 조명인줄 알았네요.  한 두번 도 아니고.. 애 한테 좋은가치관을 심어 주기위해 오셨으면 다른사람에게도 제발 플이즈~ 배려 부탁드려요.
194368,17033980,10,양화는 너무 감동적이고 좋았는데.. 영화볼때 제발 메너 좀 지켜주세요.  전화가 오는데 불빛이 반짝 무슨 나이트 조명인줄 알았네요.  한 두번 도 아니고.. 애 한테 좋은가치관을 심어 주기위해 오셨으면 다른사람에게도 제발 플이즈~ 배려 부탁드려요.
194368,17033534,10,신의  유무를  떠나 인간애의  극치아낌없이 주는나무  인간판
194368,17033261,9,정말 전편보다 훨씬 감동적인 하나의 다큐입니다. 이태석 신부님은 비록 나오지 않으시지만 늘 함께 지켜주심이..그분이 내리신 씨앗이 어떻게 큰 성령으로 임하여 주시는지 알수가 있었습니다. 감동 그자체 입니다.
194368,17026782,10,"야 이 잡것들아 나는 존댓말을 잘 못해 이해 부탁한다.다큐영화 흔하지 않은데 볼만하다.이 시대의 하이에나 영혼들아.꼭 봐라,  니들 삶에 보탬이 될꺼다.글고 이태석신부님이 대한민국 사람이라는걸  감사히 여겨라.이제부터 평론 하겠다.나는 이태석신부님 이야기 듣고  처음에는 개솔하고 자빠졋다 솔직히 욕했다.이태석 신부가 병에 걸렸단다. 그리고 얼마 후  돌아가셨데 그 후 도데체 그 인간이 뭔데? 그의 행적을 살펴보았다.감히 ,  일반인이 따라 할 수 없는 업적들이었다.그 뒤로 나는 많은 반성을 하였다.예수님께서 원하는 삶을 살지 못하는 우리이긴 하지만최소한 노력은 해야하지 않겠냐?기도하라, 깨어있으라, 이 말도 불과 몇 일 전에 깨달았다. 이것들아 형믿어봐  형이 다 도와줄께   힘들고 어려울때 기도해...그냥 기도아니고  심신을 다해서 기도해그럼 그 기도 이루어 진다."
194368,17025031,10,영화로 만들어주셔서 감사합니다
194368,17023609,10,이태석 신부님 존경합니다!
194368,17021561,10,"""하나에게 베푼 것 모두가 내게 한 것이니라.""이태석 신부님 천국에서 평안하소서.감사합니다.인간적인 수준에서 할 수 있는 경지를 넘어선 사랑의 실천을 보았습니다. 그리고 부활이 무엇인지 알 수 있었습니다.하느님. 당신은 영원한 사랑의 샘입니다."
194368,17021260,10,
194368,17020703,10,내 삶을 되돌아 보게 하는 영화.
123300,17030312,9,거의 터미네이터급인데?? 시원하다 재밌다
123300,17029803,10,
123300,17028506,10,총쏘거나 싸우는 장면이 리얼했네요~ 재미있어요
123300,17027987,9,"킬러들만의 독특한 세계와 규칙도 신선하고, 방탄복 착용이 기본인 킬러들간의 총격전이라 상대의 얼굴에 집중 발사하는 화끈한 총격전도 기존 액션영화와는 차원이 다르다."
123300,17027711,9,강아지&자동차로 시작된 시리즈의 서막
123300,17027310,10,아니 키아누 리브스 얼굴만 봐도 별점 10점이 나오는데 0점을 어케 줌
123300,17027159,10,시원하게 다 때려부수는영화 존윅
123300,17026817,10,평식아 박이 터진다고 ? 이참에 박펑식으로 개명이나 해라
123300,17026081,6,재미는 있는데 지루했다
123300,17025467,10,킬러들의 세계라는 세계관이 있어서 좋았음. 롱테이크 액션이어서 짜집기로 있어보이는 액션이 아니었고 총의 장탄수까지 계산하고 갈아끼는 부분까지 뭔가 현실적임. 그리고 키아누 리브스가 잘생김.
185256,17033970,8,조금은 진부하나 마리가 예뻐서 집중가능
185256,16409560,10,야하지만 뭔가 좀 복고적인 예술느낌을 주는 영화.
185256,16288021,5,상황은 자극적이지만.. 영상과 연출은 평이하다.
166416,17007196,2,음.. 별로 에요...하라ㅎ
166416,16832215,10,컷없이 대사 주고받는데 ng 많이 났을 것 같다. 김다미 배우님 연기 잘봤습니다
166416,16798965,10,
166416,16770571,1,하아암...
166416,16732074,10,
166416,16727263,6,
185285,17029301,6,영화에 빠져들기에는 무언가 부족하다
185285,17027073,8,영상미가 좋네요 볼만합니다
185285,17021391,9,한 번 사는 인생. 사랑하는 사람들을 소중히!!!
185285,17019157,10,
185285,17012219,6,"19세기 말 번성했던 \'벨 에포크\'는 요즘 말로 \'리즈시절\'이다. 구매자가 원하는 가장 아름다웠던 시절을 세트와 배우들이 재연해 준다는 콘셉트는 재밌다. 내 \'벨 에포크\'는 언제를 꼽을 수 있으려나.\'정말 이상해. 그 때는 공산주의자였는데, 서른 다섯에는 사르코지에 투표했거든.\'"
185285,17007807,1,"15세 관람이라 온가족이 거실서 시청했는데 야한 설정 장면 있어요. 한컷이 여러번 나와서 당황했습니다.베드씬,키스씬 나오는데 선정적입니다."
185285,17003388,9,"훈훈하고 감동적, 프랑스 특유의 편집 연출 배우들의 연기가 좋았어요"
185285,17000419,9,
185285,16998988,9,영화를 따라가면서 저의 옛날 추억이 떠올랐네요 잘봤습니다ㅎㅎ
185285,16987203,7,빅토르의 순수함과 그에 그에 걸맞는 영화의 영상미
189622,17032065,5,흑백의 영화와 연극적 요소가미
189622,17030470,10,"독립영화는 정말 오랜만에 봤음. 연극적인 느낌, 사실감을 느낄 수 있는 그런 영화. 만족"
189622,17028380,10,
189622,17026754,10,"배우들의 연기와 흑백영상이 빚어내는 동시대의 잿빛 미래, 그리고 그 앙금들이 남긴 무늬"
189622,17025752,10,"영화와 공연, 실제와 상상을 오가는 표현이 흑백이라는 장치와 잘 맞물린 수작. 배우들 연기가 신선했다."
189622,17023919,10,평점 조절용 나이스  나이스나이스나이스사실 안봤지롱
189622,17023506,10,"낄낄 거리면서 보다가도, 뭔가 숨이 턱 막히는 기분..."
189622,17021846,10,착잡하지만 이게 현실이라는게 너무 슬프네요
189622,17014730,1,평점 조절용 평점
189622,17014205,10,흑백으로 제작한 이유가 참 설득력있게전개되는 작품으로 연극과 영화의 요소들을 적절하게 연출해서 직장인들의 고민과 현실타협의 아이러니한 경계선을 독특하게 표현했다
14448,17031164,10,이건 꼭 봐야합니다...
14448,17029177,10,장국영은 완벽한 데이였고 우희였음
14448,17027113,10,정말 볼때마다 여러 감정이 드는 영화에요 ㅠㅠ
14448,17026825,10,
14448,17025628,10,우희로 살아온 데이가 본인이 믿었던 패왕은 없음을 알자 삶을 포기하는 이야기
14448,17017964,10,"영화가 끝나도 자꾸 생각난다. 그 시대, 그 감정, 그래야만 했던 이유까지."
14448,17013707,10,"역사, 예술, 사랑이 있는 영화연기도 너무 좋아요 영상미랑"
14448,17005354,10,최고의 영화다. 중국의 격동의 역사를 고스란히 담으면서 그 시대에 따라 변화는 사람들의 심리. 볼거리. 진정성 있는 연기. 내면의 심리... 모든걸 다 담아서 최고를 만들었다.
14448,17001481,10,이름값하는 영화
14448,17001368,10,
85825,17029287,9,연기가 훌륭하고 생각할 거리를 던져주는 영화다.
85825,17028092,10,
85825,17019530,7,
85825,17010209,7,남자 아이도 아닌 여자 아이도 아닌 그저 자신이 되고 싶은 아이의 이야기
85825,17002602,10,셀린시아마 감독이 천재인데 말해서 뭐함 100점만점에 100점
85825,16992382,9,생각을 많이하게하는 영화이다
85825,16990432,10,"어른들이 멋대로 나누어놓은 잣대에 억지로 끼워맞춰진 아이들, 그 아이들은 어른이 되고 젠더규범은 그렇게 재생산되고"
85825,16985861,9,
85825,16964875,8,
85825,16960386,7,배역도 괜찮고 아이들도 귀엽고 실제같은 연기와 흐름도 좋았고 영화시간도 길지 않고 볼만합니다.
185150,17020552,10,"이 영화 뭐지? 방금 봤는데 진짜를 본 느낌이다. 진짜 가족들인가 할 정도로 연기 자연스럽다. 비 오는 밤 서로 어색한 듯이 마루에 앉아서 얘기하는 모습은 정말 명장면이다. 서로 야, 너 하며 싸우다 차에서 내리고 갔다가  다시 전화해서 오고, 싸우는 동생들 버리고 혼자 차 몰고 갔다가 바로 다시 태우러 오고...진짜 우리집 보는 느낌. 진짜 찐영화가 이런 거다. 정말 어무 것도 없는데 꽉 찼다."
185150,17003107,10,어떤 영화보다도 공감이 많이 됩니다.우리집도 그렇고 주위에 많아요. 승락이들
185150,16998232,2,지겹다 남성우월주의를 비판한다고하는데 그냥 한심한남자들 까는영화임....
185150,16997063,10,기대없이 봤다 너무 재미나게 봤네요.  내용도 공감가고 배우들 연기도 정말 좋았습니다.
185150,16993780,9,올해본 최고의 영화. 잔잔하면서도 디테일과 캐릭터가 살아있고 예상치 못한 전개에 계속 보게된다. 그리고 계속 생각난다. 가부장제 안녕안녕
185150,16991536,6,누구나  겪을수 있는 이야기  일남사녀  막내는장남  개별캐릭터가  쌔기는하다  특히조카놈! 요즘초등생들다그런지 ...그럼에도불구하고 가족은 위대하다
185150,16988634,2,발암유발자들 징그럽다 징그러
185150,16986065,10,진짜 현실성 있는 영화..연기.연출 다 좋았어요
185150,16985648,1,흔한 보팔러 망상영화 역겨울정도로 편향된 그쪽 취향
185150,16981832,10,이 영화 완전 하이퍼리얼리즘.막내아들이 반지하방에서 워드프로그램을 켜놓고 있던 걸로 보아 시나리오 쓰던 시절 감독의 자전적 이야기가 아닐까 싶다.
185292,17026156,10,이세상 꿈과 자유를 잃어버렸던 모든 여성들에게 바치는 영화다
185292,17003101,8,모든 가족이 이해됩니다. 그 시대 이버지라면 그럴수 있고 수동적인 삶을 살아온 어머니마저 이해되는데  오히려 자매의 애착이 과한 느낌입니다. 좋은 영화지만  다소 지루.
185292,17001029,8,끊임없이 지워지는 여성들.
185292,16998312,8,자매의 성장과정을 통해  샮의 의미를 되새기게 하고 생존이유를  ㅈ[시하며 삶의 방식을 선택하게 히는 명작으로 전체 흐름도 아주 좋았음
185292,16989838,8,찢겨지고 지워지면서도 꿋꿋이
185292,16988125,8,피아노곡이 특히 좋고 여러생각이 들게하는 영화
185292,16987997,9,오랜만에 감동깊은 영화를 봤습니다.여자분들이시라면 공감하실 수 있는영화일거에요.저희집은 가부장적이라 그런지감정몰입이 아주 잘되더라고요.영화 상영 시간이 꽤 긴데 시간가는줄도 모르고 집중해서봤습니다.
185292,16983300,9,젊은 날의 내 어머니를 따뜻이 안아주고픈 마음이 들었어요.
185292,16981613,10,연출과 연기 그리고 스토리가 젛았다.
185292,16980717,10,타오르는 여인의 초상. 톰보이. 트랜짓 그리고 인비저블 라이프   모두  다 올해 영화중 최고입니다
10480,17032716,10,영화시작할때 \'오 나의 아버지\' 아리아가 배경음악으로 깔리면서 고전적인 영화분위기가  압도적이다. 그리고나서 곧 이탈리아 피렌체의 아름다운 경관이 펼쳐지며 우아하기그지없는 의상을 입은 인물들이 등장하는데 처음부터 시선을 사로잡는 영상미였다. 르네상스의 꽃을 피우는 피렌체에서 신분과  가문 지위에 얽매인 관습을 벗어던지고  자신의 자유분방한 감정과 사랑을 표출하는 주인공 두 남녀의 사랑이야기가 감동적이다.보리밭에서의 갑작스런 키스씬은 당황스럽다고볼수도 있지만 이미 사랑의 감정이 싹튼 두 청춘 남녀였기에 아름답고 사랑스러웠다.영화에서 알몸의 남자들이 고스란히 온몸을 드러내며 적나라하게 물놀이하는 장면은 유머코드이면서도 매우 놀랍고 충격적... ㅎ마지막 두 남녀주인공이 결혼을 하고 다시 피렌체로 신혼여행을 와서 전망좋은 방에 앉아 애무하는 피날레는 너무 멋진 장면이었고 인상적이었다!  영화보는 내내 아름다운 영상과 화려한 의상이 보는 재미를 배가 시켜준 영화였다. 다시 한번 또 보고 싶은 영화다~~
10480,16986559,8,그 당시 영화의 모습을 볼 수 있다.
10480,16982309,10,좋았어요... 일상같은 영화
10480,16972890,8,
10480,16958124,8,클라식 음악과 아름다운 피렌체가 어우러진 고전풍 로맨틱 영화! 고리타분한 소재이지만 탄탄한 연출과 과하지 않은 잔잔한 스토리  흐름이 동감을 갖게하네요..볼만해요
10480,16953453,8,뻔한 로맨스영화지만 남주가 다했다....
10480,16950371,7,고전영화의 영상미와 배우들의 연기력이 일품이네요 보고있으면 마음이 편안해지는 좋은 영화입니다
10480,16943773,9,"르네상스의 화가들에 대해 특히 레오니르도 다빈치 탄생 500주년 전시회를 보고 피렌체의 아름다움과 영국인의 사랑을 베토벤, 모자르트, 슈베르트의 피아노 소나타와 함께 젊은 주인공들이야 말할 것도 없지만 다니엘 데이 루이스, 쥬디 덴치의 연기가 스크린 가득 담겨있는 아름다운 영화이다. 예술영화관의 약간 작은 화면이 아쉬웠다."
10480,16939917,4,"솔직히 옛날 감성이라 그런지 재미는 없음. 다만, 옛날 복식과 그들만의 문화, 건축물을 보는 정도?"
10480,16939236,10,전망좋은집 찾다가 발견했는데 띵작이더라구요 굿굿
189537,17034088,1,좀비 분장 빼면 볼게 없음... 주인공 발연기.. 최악...
189537,17034081,6,유아인 연기만 볼만 했음.
189537,17034070,8,왜 악플이 많았는지 모르겠다 훌륭하다 이정도면
189537,17034053,1,"정말 영화 스토리가 형편없는데 연기력이 무난한 두배우덕에 어거지로 끌고간 영화같은 느낌이다.초반의 개연성이 정말 없어도 너무 없다. 갑자기 왜 좀비 바이러스가 퍼졌는지, 어떻게 퍼져나가게 됐는지 등의 설명없이 갑자기 유아인이 등장하고, 시작하자마자 대뜸 좀비가 돌아당긴다. 관객들은 무슨상황인지 파악하기도 전에 벌써 좀비모드로 달릴 준비를 해야한다. 유아인이 어떻게 살아남고 어떻게 버티고 어떻게 생존하는가를 고민하고 살아있는 다른사람을 발견한 장면에서 말하지 못할 묘한 희열(?)이 있었다. 그런데 반대편에서 살아남은 박신혜가 인간적으로 너무 차분하다.살아있는걸 알았다면 아무리 성격 차분한 사람도 흥분할 법도 한데....그러다가 둘이 소통하는 것에서 묘한 평화가 찾아오는데 여지껏 잘 버티고 차분하던 박신혜가 계속 실수를 통해 사고를 치는 장면이 인상이 찌푸려 진다. 여지껏 잘 하다가 갑자기...??그리고 뜬금없이 다른 살아남은 자를 비춘다. 그러다 밥 먹이고 갑자기 발암 케릭터로 만들어서 이 둘의 생존을 극대화 시킨다.때아닌 산파극을 연출하는데 왜 굳이 이런 장면을 연출했을까 싶다.결론적으로, 소통에 대한 목마름과 기쁨, 함께 가야한다는 연대를 표현하고 싶은건 알곘는데 관객과의 소통없이 불통으로 가는 감독의 소통방식이 딱 지금의 정부와 비슷해 보여 씁쓸하다."
189537,17034036,1,내가 뭘본거지 난 분명 좀비 액션 드라마를 보려한건데 신파청춘드라마를 보고있네 개연성도 없고 몰입도가 떨어지니 배우들 연기는 오바액션으로만 보임 어휴..
189537,17034034,2,네이버 평점 뭐냐? 이것도 일베화냐? 개연성이며 스토리도 그렇고 개 망작임.. 좋은 배우들 데려다 놓고 망함.
189537,17034015,1,와...와...와..이건 무슨 스토리?? 초딩이 썻나요? 진짜...답없다
189537,17033992,6,고립되어 버틸때 좀 더 힘을내고 희망의 번쩍임이 임팩트를 가해야 했는데 그냥 작은 파도의 스토리로는 현재 영화시청자들을 만족시키기가 힘들지  반짝이는 스토리로 다음 영화 발전시켜 주세요~
189537,17033945,8,내용은 개연성은 없지만 그래도 타임킬링용으로 볼만함ㅎㅎ괜찮은데 다들 왜그래 그냥 보는거지 뭐 ㅎㅎ잼짐 :)
189537,17033940,6,"너무 많은 설정오류와 디테일이 떨어진다.일례로, 거의 한달이 되었는데 유아인의 자라나는 머리는 여전히 노란색인것."
101248,17022887,10,보기 드문 웰 메이드 영화
101248,17022680,10,
101248,17015805,3,"초반의 흡입력은 초중반으로 갈수록 점점 사라지고 각본이 어설퍼서 진지한장면인데도 실소가 나오길 여러번..허접한 개연성, 뻔한  설정들과 반전. 주인공의 연기력과 영상미로도 커버가 안됨."
101248,16972853,10,위조된 사랑조차 진짜라 믿을 수밖에 없는 그의 진심
101248,16960147,9,"그럼에도 사랑은,"
101248,16932020,10,하....
101248,16923921,10,
101248,16900718,10,아 진짜 액자들 다 사라진 텅빈 방 보고 가슴이 내려앉았다
101248,16850574,9,"제목만 보면, 미술사 혹은 미술에 관심있는 분들에게 어필되만하나, 실제로는 누구에게나 재밌게 볼 수 있는 영화입니다.특히, 카메라와 연출, 연기가 너무 좋네요"
101248,16840803,9,
29059,17028848,10,OOO의 째즈!!!!
29059,17025735,10,"멜라니 티에리 보면서 피아노 치는 장면,, 그 온도, 조명, 습도 정말 완벽했다"
29059,17022944,9,"현대의 감성, 연출로 수준으로 평가하면 아쉬운 부분들이 많지만, 그러면 어때? 지금 이 순간 90년대 감성으로 데려가서 마음 뚱뚱하게 만들어 주는 영화가 많지 않지,,엔딩크래딧 중,, 행복하다 ^^"
29059,17022065,8,주인공의 선택이 이해가 안 가지만.. 내가 그의 마음을 어떻게 알까 나였어도 그랬을까
29059,17020922,10,"인생 영화에요...  영화계의 전설, 음악의 전설, 피아노의 전설, 연기계의 전설, 모든 것의 전설, 대사의 전설 ... 상영해주셔서 감사합니다"
29059,17019058,10,이런 작품을 볼수있어서 너무행복하다난 영광이다!!!
29059,17014115,2,내 감정이 메마른건지 ㅋㅋ알바인건지 별 감동도 재미도 없고중간에 남주가 여자방에들어가서 키스하는 성추행 장면만 눈에 띄네요 ㅋㅋ
29059,17013098,9,스토리는 말 할 것도 없고 ost도 너무 좋고.. 정말 오랜만에 접한 감동 가득 영화. 혼자보면 더더욱 좋을 듯
29059,17011034,10,보는내내 울컥거림과 먹먹함뒤에감동적인 피아노선율로힐링 그자체의 영화엿습니다
29059,17003541,1,이게 1점짜리 영화는 아니지만 9점을 넘는 영화도 아니라고 생각해서 평점 조절을 위해 1점을 드립니다. 지금 시선에서 보기는 아쉬움이 많고 지루했습니다만 음악이 좋았고 괜찮은 영화 였습니다. 전 이거 리메이크 해주면 좋겠어요. 현대적 감성으로..
134963,17033543,10,
134963,17025247,10,인 생 영 화
134963,17025225,10,그냥 최고 최고 최고중의 최고 영화중의 영화
134963,17022106,10,
134963,17018329,10,마지막 20분정도는 뭔가 내표정이 울상이 되면서도 웃음이 나왔다.
134963,17012063,10,
134963,17009220,10,꿈꾸는 바보들의 사랑이야기... 아... 장면 하나하나 놓칠게 하나도 없다.
134963,17008701,10,역대급 스케일의 오프닝!!! 귓가에 멤도는 수많은 ost여러번 봐도 질리지 않는 영화
134963,17007619,10,지금까지 본 영화 중 가장 인생영화
134963,17003298,1,이딴것도 영화라고 만들어놧냐
189624,17033117,10,찬실이는 정말 복도 많아요. 아름다운 영화 덕에 힘 얻고 갑니다.
189624,17030712,8,내가 영화를 떠나니 영화가 나를 찾아왔다. 두고두고 보고싶은 찬실이와 친구들의 이야기
189624,17028369,10,
189624,17021107,8,\'영화 없이도 살 수 있다\'는 김영의 대사를 되세기며 현실자각타임을 가지는 찬실이왜 찬실일까?찬 현실? 기찬 현실?
189624,17012718,10,한국영화재미있어요하고싶어요안될까요제발보내드립니다!네예
189624,17008088,9,남자도 없고 새끼도 없는 찬실이는 복도 많아
189624,17005242,8,"영화가 전체적으로 너무 잔잔하고 친근하고 편안했습니다. 영화배경도 대부분 길거리 집 카페 동네여서 더 친숙했던 것 같아요. 찬실씨가 내가 진짜 좋아하는건 무엇인지 고민하는 모습에 많이 공감한 것 같구요. 집주인할머니가 한글공부하시며 끄적이셨던 글귀가 제일 기억에 남네요. ""사람도 꽃처럼 돌아오면 얼마나 좋겠습니까..."""
189624,17001261,10,\'찬실이는 복도 많지 예고편\'을 보고 배우분들의 표정과 설정 장면들이 재미있어 보여 보게 되었어요. 누구나 닥칠 수 있는 힘겨운 상황과 막막함이 잘 느껴졌어요. 그러면서도 처지지 않으며 보는 내내 서서히 기운을 불어 넣어주는. 참 기분 좋아지는 영화였어요. 감사합니다. 이렇게 참신하고 따뜻한 영화 많이 만들어 주세요.
189624,17000950,10,혼자 영화보면서 피식 웃고 감동도받고. 좋은 영화였어요. 탄탄한 연기력 가진 배우분들 덕에. 온전히 마음이 가는 영화였네요
189624,16998900,9,
185282,17031262,8,두 인물의 서사에 깊숙이 몰입할 수 있는 좋은 스토리였습니다.
185282,17026806,10,사랑하는 이가 나를 떠올리며 울고 있는 표정을 가감없이 볼 수 있다면.. 눈물 없이 견딜 수 있는 사람이 어디있을까? 마지막 장면에 가서는 보는 내가 눈물이 너무 나서 배우의 표정하나 놓치고 싶지 않은 마음에 끊임없이 눈물을 닦아내야 했다.
185282,17013955,10,잊지않음.잊혀지지않음
185282,17013883,10,이보다 더 완벽한 영화가 있을 수 있을까?
185282,17008958,10,구성 연기 연출 스토리전개 모두가 돋보인 영화입니다. 마지막 장면은 압권입니다.
185282,17005861,10,"2시간이 순식간에 지나갔다. 일반적으로 시선을 권력이라 한다. 이 영화에서 시선처리는 집요하고 상대를 지배하려는 기본 성질을 은닉하고 있는 것은 아니다. 쌍방의, 상호작용하는 시선을  보여주면서 위계없음, 시선 권력의 개인화를 보여준다고 생각한다. 배우의 연기, 영상미(구도와 연출도 한 몫 하고 있지만 삼원색을 필두로 한 대립 색상이 캐릭터의 관계성을 드러내어 좋았다), 음향 모두 훌륭했다."
185282,17000588,10,"아델 에넬 왜이렇게 설레게 생겼냐,,, 극중이랑 실제성격 다른것도 개발림,,,"
185282,16999705,10,오랜만에 히어로 영화 말고 너무 가슴조이면서 봤어요
185282,16997986,9,
185282,16989864,10,"잔잔한 퀴어 영화, 마지막 장면은 제가 첫사랑을 만난 것처럼 두근거렸어요"
189633,17033328,9,평범한 야구소녀 이야기를 다른방법없이 감동을 선사하는 작지만예쁜영화
189633,17030082,10,해보지도 않고 포기하기엔 아직 일러. 성장드라마.
189633,17028517,8,"본인의 인생은 본인이 결정할 수 있도록 도와주는것이 가장좋은 교육이라고 생각합니다.다 널 위해서 그러는 거야 라며 반대하고 억압하는건 안좋은 교육, 그리고 잘못된 사랑이라고 생각해요."
189633,17027697,10,
189633,17027583,10,우리에게 필요했던건 실현가능한 수준의 판타지이다. 부디 수 많은 주수인을 볼 수 있기를.
189633,17027577,10,장도연!
189633,17026246,9,"신파였는데,, 이주영배우님이 너무 좋아서 잘 봤어요 항상 응원해요"
189633,17026139,10,정제이미가 \'주수인 파이팅!\' 하는데 진짜 왈칵 ㅜㅜ 세상의 모든 주수인 파이팅!!
189633,17025474,10,보는내내 응원했어요 증말
189633,17025015,2,프로에서 잘 할지 못 할지 모르는 사람에게 연봉 6천이 말이 되나
153934,16990925,10,여성의 이야기에 귀기울일수 있었던 소중한 시간
153934,16875420,8,그저 살아온 줄만 알았던 사람들이 지켜나간 역사를 본 기분
153934,16785161,10,다큐멘터리 제작자를 꿈꾸는 대학생입니다. \'이 작품같은 다큐멘터리를 만들고싶다.\'라는 생각이 들었던 너무 좋은 작품이었습니다. 앞으로도 감독님의 작품이 기다려질 것 같습니다.
153934,16781150,10,
153934,16775213,10,대체 어디 가면 볼 수 있는거죠??
153934,16734545,8,사람 안에는 항상 사람이 있으니 항상 조심하자
153934,16720455,7,영화보다도 그들의 삶이 더 영화같습니다.
153934,16702263,10,흔히 알고 익숙한 관광지느낌의 이태원이 아닌 이태원의 이면을 볼수있는 영화. 새로운 것들이 눈에 많이 들어왔다. 생각을 하게되는 영화.
153934,16698140,10,80-90년대 이태원 여성들의 삶을 볼 수 있었고 이태원 주민들에 대해 알 수 있어 좋았다
153934,16683594,10,오랜만에 의미있고 잘 만들어진 영화를 관람해서 좋았다.
186235,17032073,10,와 대박 작품이에요 특히 배우분들 연기가 일품화영 배우님 정말 섹시합니다
186235,17031444,2,댓글 알바들 역겹다
186235,17031184,7,연기들도 좋았고 스토리도 몰입됐어요.
186235,17030140,10,통쾌함과 스릴의 조화가 너무나도 잘 어우러진 영화!!  배우들의 연기에 나도 모르게 몰입하게 되는 영화
186235,17029961,10,배우들 연기도 괜찮고 스토리 구성도 탄탄하네요~
186235,17029630,10,간만에 신박한 영화 봤네!!
186235,17029493,10,배우들의 힘이 느껴지네요
186235,17029448,10,영화를 잘 알지는 못하지만 이렇게 뭔가 속이 시원한 영화는 오랜만인거 같다...지난해 부천국제영화제에서 보고 좋아서 다시 한번 감동을 느끼는중...
186235,17029438,10,엄청난 제작비에 유명한 배우들과 스탭들이 고생한 소문난 잔치상에 먹을꺼 하나없는 애매한 상업영화보단 힘든 환경에서 각자의 자리에서 묵묵히 열일해준 배우들과 스탭들이 보여준 노력의 결과...요즘엔 애매한 상업영화보단 감탄할 수 밖에 없는 개성있는 저예산 영화를 보는 재미뿐...
186235,17029282,4,통수를 통수로 갚는 멍청한 군상들
174301,17026256,5,엄청 웃기다고 해서 봤는데 킬링타임용이라 하기도 아까운 느낌... 그나마 색달랐던 거에 점수를 줘서 10점 만점에 5점
174301,17025834,10,스토리와 연출력 만으로도 9점이상 줄 수 있는 영화.  오랬만에 재밌게 본 일본영화다. 감독에게 박수를~
174301,17023910,9,미타니코키가 많이 생각남. 최근 본 영화 중에 가장 웃겼다.초반을 잘 버텨야~
174301,17022562,10,지금까지 보지 못한 포매이션. 일본영화 중 최고레벨
174301,17015799,10,처음 30분은 이게 머지? 하면서몰입감 있는데 나중부터 알고나니개재미써짐 ㅋㅋㅋ 정말 잘만듬
174301,16995141,9,수많은 일본의 괴작과 망작들 속에서 하나씩 이런 저력있는 영화가 나온다는게 일본영화 무서운점이다.. 초반만 꾹 참으면 최후에는 웃으면서 나올수 있는 영화 퐁!
174301,16994852,10,퐁퐁!폴퐁!!!포!퐁!퐁!!!0
174301,16992674,9,이 영화에서 힐링까지 얻을 줄이야...
174301,16979798,10,악역인줄 알았던 그가.. 히어로였어..
174301,16974604,10,천재 감독이다. 대단한 영화다
186348,17030933,9,"아픔을 통해 성장해 나간다는 메세지가 확실한, 감성을 자극하는 이야기"
186348,17029902,8,상투적인 해피엔딩으로 몰고 가지 않고 소방관의 애환과 청춘남녀의 로맨스가 적절하게 어우러져 지루함이 없었음. 일본 애니 특유의 감성으로 실제 사람의 연기보다 디테일이 뛰어났음.
186348,17028540,8,가볍게 볼수있는 따뜻한애니 내가없더라도 널 항상 지키고싶어
186348,17027746,10,여주가 내내 흥얼대는 노래에 영화 끝나고 일주일간 저도 모르게 흥얼거리게 되는ㅋㅋ
186348,17025390,10,파도를 타보고 싶은 영화
186348,17024987,6,"조금 유치하긴 했지만, 재밌었음"
186348,17024862,10,진짜 너의 이름은보다 재미있어여
186348,17024861,10,진짜 너의 이름은보다 재미있어여
186348,17024800,10,
186348,17023147,10,"이게 왜 관객수가 이렇게나 적은지 이해가 안갑니다. 딱 여름에 보기 좋은 영화이고, ost도 딱하나 나오지만 진짜 좋고스토리 전개에 매우 중요한 역할을 합니다. 진짜 한번은 보셨으면 합니다."
79770,17026465,8,그땐 가지고 있었지만 지금은 가질수 없는것에 대해서 영화로 잘 푼것 같아요.. 다만 영화 막바지부분에 사망플래그 돋은게 너무 뻔해서 좀 ㅜㅜ
79770,17023612,6,둘빼고는 민폐만 남은 사랑
79770,17016387,6,"으음,,,  뭔가 노트북 느낌도 나긴 나는데 뭔가 찜찜한 기분  꼭 여주마지막에 그렇게 안해도 될것  같앴어영커플끼리 잔잔하게 볼만하긴 하지만와 스토리좋다  잘만들었다 이정도까진 아닌듯"
79770,17012589,7,평점이 생각보다 왜 이렇게 높은지 모르겠다.. 그냥 존나 답답하던데 그리고 뭐 좀 더러운 결말... 줄거리 자체가 좀 쓰레기임..
79770,17009499,4,"진짜로 그닥이었음... 시간이 아까울정도로... 주연 배우 이름값을 못하는 영화,,, 과거도 현재도... 암튼.. 진부한 느낌의 영화임"
79770,17005087,9,재밌음
79770,17003157,10,한번이라도 7월15일에 비가 내렸으면 어땟을까
79770,17001496,8,스토리 좋았고 재밌게 보았다
79770,16997232,10,기대안하고 봤는데 역시 재상영한데는 이유가 있네요. 생각할거리를 많이 던져주는 좋은 영화였습니다.
79770,16996083,8,정말 좋아하는 영화에요. 재개봉으로 다시 봤는데 여전히 좋아요. 함께 성장하는 러브스토리 정말 좋아해요 연인이랑 보면 더 좋아요
173247,17029026,7,영화 상영 10분 후 입장해서 봤는데 덕분에 더 혼동스러웠음. 좋았습니다.
173247,17026054,10,인간의 사랑과 아이덴티티를 녹여낸 시간에 관한 기록
173247,17009386,8,작품 자 봄
173247,17003975,7,크리스티안 펫졸드 다음 영화 운디네가 궁금함
173247,17002338,8,"""불행한 사람에게 타인의 행복은 달갑지 않았다."" 이기적으로 보였지만 현실적으로 느껴진다. 소재가 독특했고 결말도 나름 충격이었다."
173247,17001955,10,
173247,17000932,8,70여년 전 독일에 점령당하던 프랑스. 그 땅을 탈출하기 위해 노력하던 이들의 모습을 오버랩하여 오늘날 난민문제와 생존과 사랑에 대한 치열한 고민을 담았다. 이런 시공간의 뒤틀림과 배우들의 열연이 독특하고 매력적이다.
173247,17000665,8,오묘한 분위기가 좋아요...
173247,16998277,6,현대 배경에 갑자기 독일이 프랑스를 쳐들어 온다는데..황당한 설정에 영화자체가 그리 흥미롭지는 않네요..
173247,16994404,9,"추천, 추천, 추천, 사전 정보 보지말것!!"
187979,17014742,1,평점 조절용 평점
187979,16941523,1,
187979,16895646,10,"인간 본질을 깨우쳐 주는 영화, 큰 감동이 서서히 느껴지는 이야기 듣고 보고, 더 깊이 더 높이 바라보게 되어 감사합니다."
187979,16673039,8,"감동을 한가득, 응원합니다"
187979,16667051,10,제천국제음악영화제에서 봤었고 아직도 생각하면 가슴 아련합니다. 엔딩크레딧이 올라가고 뒤에서 누가 내 팔을 잡았는데 감독님 촬영팀과 김지희 기타리스트 그리고 그의 어머님을 보고 정말 깜짝 놀랐던 기억이 나네요. 사진도 찍고 명함도 받고 참 신기했었던... 그리고 라일린은 평생 들어도 좋을 곡  이라고 생각합니다.
187979,16416472,10,지희양의 노력과 의지도 대단하지만 어머니의 헌신이 없다면 ?
187979,16392842,1,보통....
187979,16382560,10,우리는 지희씨가 너무 변하는 것에 초점을 맞추기 보단 지희씨의 있는 그대로를 받아들이고 그녀의 힘찬 여정을 응원해야할 것 같습니다. 감사히 잘 봤습니다.
187979,16376233,10,쥐어짜낸 스토리가 아니기에 더욱 감동이었고 연기가 아니었기에 더 와닿았습니다. 연출과 잔잔하게 흐르는 음악이 좋았어요.
187979,16375797,9,김지희양과 어머니 커플티 한벌 버리고 바꾸는 것이 좋겠습니다.
189747,17029906,3,"거~ 노래 더럽게 못 부르네. ""언니는 최악이야""가 아니고 ""영화가 최악이다"" 오글거려서 정말..."
189747,17028913,9,약간의 기대를 가지고 보러갔는데혼자 있어서 티비 보는 마냥 껄껄 웃고 엉엉 울다 낄낄 웃고 감동받아 나왔어요 한국 뮤지컬 영화는 처음 봤는데 정말 만족했어요 정말 감사합니다
189747,17027214,8,"음악 영화다 보니 음악에 집중하게되었는데요. 먼저 인트로에 나온 노래가 너무 좋았습니다. 그런데, 배우분들 노래는 너무 좋은데 다만 반주가 별로였고 뜬금없는 안무도요. 식당 씬에서 굳이 안무하시는 분들이 나오셔서 조금 오글(?)거린다 할까요ㅎ 그리고 잔잔히 반주가 들어왔음 좋겠는데 \'나 이제 노래한다\'라는 느낌이 들어서 흐름이 좀 끊기는 느낌이었구요. 스토리랑 배우분들, 특히 어머니 역할하신분이랑 작가 역할하신분 연기랑 목소리가 너무좋았어요! 그리고 제일 아쉬웠던 부분은.... 마지막 기생이었다면 시대 생각해서 국악풍의 잔잔한 음악도 좋았을거 같은데.... 기생역할 배우분 노래 목소리도 너무 밝아서 감동이 좀 반감되었어요 ㅠㅠ 그래도 좀처럼 볼수없는 장르라 괜찮게 봤습니다~  더 좋은 작품으로 다시 감독님, 배우분들 뵀으면 하네요"
189747,17026947,10,
189747,17026532,10,기대 안 하고 봤는데 의외로 좋았음
189747,17023894,8,색다른 장르의 영화를 접했다.뮤지컬 영화..OST의 목소리도 너무나 매력적이다.생각보다 많은 매력이 있는 영화인거같다.
189747,17023889,10,생소할수는 있지만 뒤로 기억이 많이 남는 영화였어요.
189747,17023790,4,일단 여주 캐스팅과 안무가 잘못된 영화. 여주가 잠깐 봐도 너무 싸가지없는 말투와 성품에 영화를 떠나 뺨을 갈기고 싶더라. 지방연영과 학생들 워크샵같은 촌스럽고 수준낮은 작품. 조연출의 아픔따윈 1프로도 안느껴짐. 무료쿠폰으로 그나마 봐 다행임. 휴~~
189747,17020145,10," 따뜻한 감성, 좋은 선곡, 평범해질 수도 있는 소재를 창의적으로 살린 뮤지컬."
189747,17017213,10,이 영화를 보고 가슴이 뛰기 시작했습니다. 나가고 싶어서
40932,16942507,6,데일사위 복에 겨워서 지자릴 못찻는x 욕하면서 봤네
40932,16876464,9,영화는 재밌다. 그치만 좀 괘씸하다.... 결론이... 그래도 재밌다.스토리가 좀 불편할 정도로 솔직하고 나쁘다.ㅋ
40932,16853722,1,성추행범 영화가 항상 그렇지 뭐.. 우디앨런 인생 자체가 영화에 녹아들어 있음 ..추잡스런놈
40932,16827728,9,ㅡ완벽주의자의 이중성. 죄책감으로 살아가야할 운.
40932,16799948,8,모두가 부정하고 싶던 이 운은 사실 모두가 한번쯤 겪었던 운이기도 하다
40932,16795678,1,욕이 나온다 더러워서 못봐주겠는 영화. 학교 과제만 아니였어도 이딴 성추행범 감독 작품 안봤을텐데. 볼수록 끔찍하다.  스칼렛요한슨의 감정에 전혀 이입되지 않음. 남자는 성추행살인범 우웩
40932,16784457,8,"운이 좋아서, 행복하니? 넌?"
40932,16714946,8,장면 전환이 매우 많고 생략없이 모든 과정을 다 구체적으로 보여주네요
40932,16679992,6,야.. 우디 앨런 새끼야... 세상에 그런 우연이 어딨냐? 새끼야.
40932,16648226,9,현실적인 남자들의 로망을 담은 환타지 영화 남자는 다 똑같다.
194791,17033446,9,목숨걸고 지원해 조국을 지키려는  피끓는 청춘들에게 현실보다 정치가 우선인 전쟁터라니
194791,17032987,6,공산당 소련의 전쟁상황을 잘 보여준 영화지만 진부한 대화가 너무 많아  몰입도가 떨어지고 지루한 감이 큰게 단점이네
194791,17032115,10,시청자 네티즌 수치를 보고 보는게 정확한듯.. 평론가 놈들 따위때문에 못볼뻔 했던 영화가 인생영화가 될줄은...
194791,17032049,7,설원이 핏빛으로 물들때까지 싸워야 했던 지옥
194791,17026692,10,"이건 정말 명화 입니다. 남편과 보고 나서 부모님도 함께 예매해 드렸습니다. 이런 영화가 이렇게 몇 안되는 상영관에서 한다는게 너무 아쉽네요 정말 작품성, 연출, 연기, 모든게 완벽합니다. 이 영화 오래오래 많은 이들이 보길 바랍니다."
194791,17026211,5,초반 사실적 전쟁 액션은 볼만하다. 이후 인물간의 감정과 이념부분의 갈등을 오래 보여주니 지루한 느낌이 있다
194791,17025720,9,"마더 러시아를 위해 충성하여 목숨 바치자도 아니고, 독일군 놈들 무조건 나빠도 아니고, 그저 다양한 하나하나의 인물들이 지옥같은 전장에서 살아남기 위해 싸운다는 느낌.좋다"
194791,17025441,8,기대안하고 보면 재밌다
194791,17024717,5,평론가 한줄평 베낀건 무슨 생각이냐 ㅋㅋㅋㅋ
194791,17023493,10,
180851,16823102,7,기억을 호출하고 공간을 불러내는 영화라는 작은 빛.
180851,16820940,10,
180851,16736902,8,"봉준호 감독님이 언급한 마틴스콜세지 감독님의 말 \'가장 개인적인 것이 가장 창의적이다\' 이 말에 가장 부합하는 영화,이런(스타일,이야기,연기,촬영,시도해서 찍고 완성해서 개봉하는 그 순간까지 모두)류의 영화가 진정 한국영화의 긍정적인 미래다,앞으로 10년, 20년... 미래가 궁금하고 기대되는 감독, 배우분들,그 기대감을 충족하기 위해선 많은 지원과 관심이 있어야 하는 건 당연!당장 우리 관객부터 일부러 찾아가서 보고 알리고, 좋으면 좋다 싫으면 싫다 반응 보이고 또 기대하고, 해야지 하는 의지를 새삼 다시 일깨우는!!"
180851,16724210,10,어릴때 가족들 생각이.. 너무 잘봤습니다.
180851,16723622,3,"가족이야기,, 재미로 볼 영화는 아니었음"
180851,16717652,10,기대 안하고 봤다가 눈물 흘리며 나왔습니다.20대감독님의 연출력이 보통이 아니네요. 앞으로가 기대되는 분입니다.배우들도 어쩜 저리 딱 맞게 캐스팅했는지 최고에요.
180851,16712011,2,다끝날때까지 무슨재미로봣눈지 모르겟다.지루하고 아무이미없엇다.돈주고보기엔 좀.
180851,16708231,7,버블패밀리처럼 로우한 느낌이 좋있어요. 한국 영화의 미래가 밝습니다. 하지만 평론가님들이 점수를 조금 현실적으로 매길 필요도 있어 보입니다:)
180851,16700451,10,
180851,16683692,10,
179394,17022978,10,보리의 시점에서 성장해가는 따뜻한 영화
179394,17007964,10,생각을 넓히는 계기가 되었다.
179394,16999784,10,진짜 너무 감성적인 영화네요3일내내 또 볼거 같아요
179394,16988602,10,"영화도입부분엔 살짝 지루한듯했으나 그럴만한 이유가 있었네요. 농인들의 삶에 초점이 맞춰지기보다 농인부모 사이의 자녀 주인공 보리에 초점을 둔다면 금방이해가 가지요. 김진유감독님의 어린시절 느낌을 바탕으로 진솔한 작품을 만들어내신것 같습니다. 보리의 절친 은영의 설정이 참 잘되었네요. 개인적으로 이 영화는 초등학교 교과서에 등재되어도 좋을거같습니다. 장애우들에 대한 편견도 없애고, 더불어 행복한 사회를 만들어가고, 가족에대한 사랑, 형제우애까지 다시 생각하게 만드는 좋은 교재가 될거같습니다^^ 좋은영화 만들어주셔서 감사합니다"
179394,16970968,10,
179394,16965092,7,잔잔하고 조용한 이야기.
179394,16958760,10,
179394,16958109,10,영화를 정말 좋아하고 많이 봤다고 자부하는데 감상평을 써보긴 처음인데..가능한 많은 사람들이..아니 모든 사람들이 봤으면 좋겠습니다...해외에 출품해도 좋은 평을 받을것 같아요...정말 좋은 영화네요...
179394,16952632,10,잔잔하면서 스토리도 좋고 연기도 좋고 연출도 좋고 모든게 완벽하다아이들과도 다시 한번 보고싶다 저녁은 짜파게티 끓여먹음ㅎ
179394,16948147,6,어린친구가 연기 참 잘했다.
52515,17026526,10,"다중 구조라 얼핏 복잡해 보이지만, 의외로 따라가기 쉬운 스토리. 놀란 감독의 상상력이 돋보이는, 재밌게 본 영화."
52515,17025972,10,한번봣는데 한번더 봐야겟어요~ㅋ일단 잼잇어요!생각지못한 스토리.스케일 빵빵합니다~
52515,17024984,9,잼잼잼
52515,17024386,10,
52515,17021726,10,
52515,17021405,10,지리네요 그냥ㅋㅋ 꿈속의 꿈속의 꿈..
52515,17019170,10,지금껏 본 영화 중 가장 꽉 찬 영화
52515,17017454,10,재개봉 봤어요봐도봐도 재미있어요
52515,17016035,10,완벽한 영화. 아마 대한민국에서 가장 평점 높은 영화일듯
52515,17015903,10,정말 너무 재밌게 봤고 OO이지나서 또봐도 인상적인 영화.이런영화가 또나왔으면 좋겠다 .. 재밌는영화를 본다는건 너무 설레는일임
168050,17032203,9,해피엔딩으로 기분좋게 끝나면 10점인데.. 너무 슬프게 끝나서 9점 줌.. 에잉.. 보지말걸 괜히 봐서 가슴만 아려오네.. ㅠㅠ
168050,17027737,10,
168050,17026452,10,레이디 가가가 이렇게 연기를 잘할 줄 몰랐네
168050,17025502,10,진짜 인생영화임 ㅠㅠ ㄹㅇ로 마지막에 울고...  음악도 너무 좋고 감정이입도 잘되고 꼭한번 보면 좋은작품
168050,17023099,10,
168050,17020551,10,"음악영화 너무너무 좋아하는데 지금까지 본 음악영화중 최고,,"
168050,17019306,10,그냥 다른 수식어 필요없이 인생영화
168050,17017334,10,"몇번이고 다시보고싶지만 후반부가 가슴아파 못보겠어요,,뮤비만봐도 눈물이주르륵"
168050,17017203,10,인위적으로 만들어내는 여운이 아니다...
168050,17012714,10,외국영화재미있어요고마워요하고싶어요안될까요제발보내드립니다!네예
194486,17032045,9,동화같은 사랑해보고싶은 분들께 추천
194486,17025167,9,"프랑스 영화 특유의 영상미와 Ost,이 두가지만으로도 만족스러운 감상이었습니다!누군가에게는 조금 진부할수도 있지만 저는 스토리도 재밌었습니다!"
194486,17024687,8,귀여운 프랑스 영화♡그 책은 나도 갖고 싶네?!
194486,17022372,10,인어가 진짜 너무너무 이쁨 같은 여자인데도 첫눈에 반할거같음
194486,17021874,5,여주의 예쁨 외엔 평범한 영화
194486,17021486,2,시간 아까웠어요...
194486,17020598,10,진짜 최근 본 영화중에 최고였고 진주눈물장면에서 나도 울었다..
194486,17017924,10,프랑스의 멋진 건축물과 야경을 볼 수 있어서 좋았습니다. 더불어 스토리도 은근 재밌어요
194486,17015911,3,사랑을 하면 영화의 개연성이 날아가나요?
194486,17015091,8,OST 내주세요 굉굉ㅠ*100 (무의미한 자음 모음의 연속은 안된데요ㅠ)파리의 인어 OST 내주세요ㅠ 계속 구글링 하는데 외국 밴드 분들이 부른 것 밖에 안나오고.. 찾고 있는 파리의 인어 OST가 아니라 파리의 연인(?) OST 나온다구요 굉굉ㅠ.ㅠ.ㅠ 이 영화가 동화같은 분위기가 될 수 있었던 건 색감도 있지만 배우분들의 OST라고 생각해요. 내주세요 OST plz..
186931,17033388,10,강아지가 달려가는 것같았다.
186931,17027648,1,알바 풀지마애니메이션이 이렇게 지루할수도 있구나..별 얘기 아닌데 시간만 끔
186931,17017019,6,"아이들 눈높이에는 나름 잼나고 감동있는데 겨울왕국, 모아나 등등의 대작 애니메이션처럼 어른들의 감동폭은 솔직히 안 높습니다. 아이는 좋아하고 즐겁게 봤습니다. 아빠는 대신 졸았네요ㅠㅎㅎ;;"
186931,17014355,8,
186931,17003267,10,여름인데 넘 잘어울리는 썰매영화~~~너무 재밋었어요:)
186931,17002999,10,와 이 영화 짱이에요^^ 제가 잭같이 나쁜 자식은 이 만화영화에서 처음 봤었어요ㅠㅠ 하지만 프랭키와 친구들이 멋지게 이기더라고요?^^ 다들 이 영화 강추니까 꼭 봐보세요^^
186931,17001354,8,스토리 보통 수준.애니메이션 퀄리티 나름 높음.초등 저학년 잘 봄.초등 고학년 중간에 나감.성인 잠.ㅠㅠ
186931,17001064,8,6살 아들이랑 함께 봤는데 아들이 끝나고 난 후에 \'진짜 재미있다\' 를 외쳤답니다. 성인들이 보기에도 괜찮아요~
186931,17000568,6,나만 그런가 좀 재미가
186931,16999867,10,"7살 딸아이가 정말 재밌게 봤다고 얘기해주었어요. ""엄마, 친구랑 싸우는 것보다 친구들이랑 재밌게 노는게 더 좋은거지요~"" 하는 말을 들었을 때 이 영화 잘봤구나, 싶었어요!!!"
185151,17033915,6,이 영화에 남성혐오가 스며들었다는건 저의 착각일까요?... \'82년생 김지영\' 감독님이 배우로 나온건 우연일까요?...
185151,17032341,1,"남자들은 왜 남의 손을 빌리지않으면 아무것도 하질못할까? 참 불쌍한 인종이다.. 부인이 아파도 아무것도 도움이 안되는인간, 의자에만 가만히 앉아있고 지손으로 밥한끼 챙겨먹지도 못하는 인종.. 반대로 남편이 아프면 와이프들은 진짜 지극정성으로 돌보는데.. 잘해야되, 와이프들에게"
185151,17029454,7,"슬프고 답답한 상황속에서도 언제나 그렇듯 희노애락, 그 중에 특히 유머가도 섞여있는 우리네(!) 인생"
185151,17026007,10,역시 한국은 민낯의 나라다. 있는 그대로의 현실을 그대로 보여준다.
185151,17023713,10,정말 공감이 가는  좋은 영화 입니다~
185151,17020970,8,배우들 연기 다 좋아    할아버지가 가장 이해 안됨  다른사람역 모두 공감되지만 할아버지는 너무 이기적
185151,17020322,6,거슬리는 남성의 비하 빼곤 남의 일 아니다
185151,17019887,8,모두  생소한 배우인데 연극배우들인가요?연기는 모두 잘하네요 할아버지제일 이해 안감
185151,17018333,10,정말 현실에 우리가 실질적으로 부딪히는 문제를 연기와 연출로 너무나 와닿게 표현한 영화.. 넘 안타깝니다.
185151,17006925,9,"딱 지금의 내모습을 보는 듯, 노환의 어머니, 직장, 사춘기 얘들 ... 앞으로 있을 나의 일들..."
178520,17026879,10,
178520,16962268,10,뮤지컬 빨래처럼 목포의 눈물이 항상 기억날 것 같아요세계가 언제나 평화롭기를...
178520,16944873,10,멋진 인간의 아름다운 이야기...안타깝지만 감동적이다. 사람을 또 인생을 다시 생각하는 영화...KBS에서 틀어줬으면 좋겠다. 그의 노래가 또 그의 인생이 계속 기억되었으면 좋겠다.
178520,16920317,10,"십수년 전 이들 밴드에 대한 기억이 있어 다큐멘터리가 새로 나왔다길래 기쁜 마음으로 보러 다녀왔습니다. 미누씨도, 다른 멤버분들도, 새록새록 생각나는 곡과 가사들도 모두 너무나 반가웠습니다. 공연도 성공리에 잘 마치고 앞으로 네팔에서 좋은 일들만 있으시기를 바라며 영화를 쭉 보았습니다. 그리고 그저 먹먹함에 숨을 죽이고 화면 속 그를 바라볼 수 밖에 없었던 마지막 몇 분... 그 그리움을... 그 누가 이해할 수 있을까요... 그와 이들 밴드에 대해 모르시는 분들도 한번쯤 꼭 보셨으면 하는 다큐멘터리입니다."
178520,16920020,10,영화를 통해서 참사람은 어떻게 살아야하는지 깨닫게 되었어요. 미누를 보면서 행복에 대해 깨닫게 되었습니다. 이런 일이 영화를 통해서 가능하다니..언빌리버블~
178520,16916693,10,
178520,16915008,8,"요즘 매체에서 대한외국인들이 활약하고, 미국에서 인종차별문제로 이슈가 되고있는가운데, 과연 한국이 이런 문제에 떳떳할 수 있을까? 많은 생각을 안겨주는 작품이다."
178520,16911192,2,불법체류자 미화하지 맙시다.
178520,16910102,8,한 순간에 사라진 삶의 방향이 그를 새로운 삶으로 나아가게 했다.
178520,16910014,10,
194295,17033498,1,"머하자는 거냐? 조선족 언론 조작단들아, 쓰레기 중파 영화 수입한 수입사도 그렇고"
194295,17033208,1,중국 여론조작단 많네요
194295,17029211,1,"티벳,홍콩 강제로 하나의 중국만들고 에베레스트 중국꺼임 ㅇㅇ에 로맨스,신파만 난무하는 중화사상에 찌든 영화그자체. 몇명 조선족이 보고 10개 별점줬나"
194295,17027157,2,장쯔이 마지막 가장어이없네
194295,17025768,1,평점이 9점을 넘을 정도는 아니었음
194295,17025497,4,등산 준비기간이 너무 길어서 지루한 부분이 있었고 자꾸 올라갈때마다 다시 내려오고 올라가고 반복하는데 답답. 등반하는 모습이 중심이 아니라 자꾸 기후가지고 다투는데 대체 언제 올라가는 모습이 쭉 나오나 하고 보면 끝나있음.
194295,17024998,8,와 진짜 등산한번한것같이 피곤하네요;;;남는건 사진밖에 없다는말이 여기서 나온것인가ㅋㅋ;;;
194295,17024760,1,이게왜우리나라에상영?
194295,17023616,1,이걸 재밌다고 하고 자빠졌네 미친 사람들 ㅋ
194295,17021901,1,에베레스트가 세계에서 가장 높은 산임에는 절대 부정하지 않는다. 하지만 인간의 한계를 뛰어넘는 가장 오르기 힘든 산이라면 고민도 없이 아니라고 말할것이다.
193839,17028399,10,무엇을 감추려고 1000개의 거짓말을 만들었는지 검찰은 대답하라!
193839,17027292,10,제발 진실이 밝혀지길 바랍니다
193839,17004556,8,다시는 세월호 같은 사건이 일어나면 안됩니다
193839,16995307,10,이 사고에대한 진심이 느껴진다
193839,16988497,10,꼭 보시고 바로 알아야합니다
193839,16977997,7,대체 뭘 그렇게까지 조작했을라나...게다가 정권바뀐지가 언젠데.. 아직까지 말 없는거 봐선...사실 실수 말고 다른 뭐가 없는거 아닌가...
193839,16962314,1,세월호사건 기획한자가 문죄인이였다니 !!!!천인공노할 ㅆㅐㄲㅣ
193839,16950811,10,
193839,16949574,2,"뉴스타파에서 검증. 김어준의 3번째 영화. 3편 모두 허위사실, 사실무근으로 팩트체크 완료. 털보 빠들아. 꿈에서 깨고 현실을 좀 봐라. 니네가 물고 빠는 예수는 그냥 허위선동꾼일 뿐. 보수 유튜버에 빠져 사는 노인들과 너네는 본질적으로 완전히 똑같다"
193839,16949564,2,우파코인터는 요즘 사이비우파들의 조상격인 김어준
179307,17027903,5,나를 찾아가는 자연스러운 과정. 정답은 없다.
179307,17027383,10,"난 아직도 은희로 살아가고 있고, 아직도 수많은 은희가 있음을 안다. 따뜻한 응원과 지지를 나누고 싶다."
179307,17023833,10,
179307,17021264,10,
179307,17019329,10,극사실주의의 영화로 모든 내용에 공감할수 있었다. 거의 마지막 부분에 눈물날줄이야....
179307,17000771,8,시대과 세대 그리고 그것을 뛰어넘는 보편적인 감정에 관해 덤덤히 응시한다.
179307,16998208,10,"여운이 남는 영화.살아온 살아가는 인생, 삶 이야기."
179307,16997188,10,울림을 주는 영화입니다 꼭 감상하시기를 추천합니다
179307,16996692,6,"볼만은 했으나 과대평가된 영화, 하지만 앞으로가 기대된다. 다음영화부터는 좀더 다듬기를"
179307,16995537,10,영지의 진지한 말 한마디 마디가 많은 사람들 마음에 위한이 됩니다.
159311,17032257,8,
159311,17023601,2,정말 자신의 가치관을 위해 열심히 사는 사람들이 보기에 미소는 영화적인 과장을 떠나서라도 기분이 나쁘다. 미소처럼 자신의 취향에 중독된 듯 사는것은 낭만이 아니고 오만이다. 영화에선 자신의 삶을 내던지듯 살아가는게 유니크한 삶을 살듯 포장되어진다. 미소라는 캐릭터가 현실에 적응하면서도 자신만의 낭만을 쫒는 사람들을 오히려 비꼬는것만 같다.
159311,17017010,10,인생이 아름다운 이유는그것이 불완전 하기 때문이다
159311,17008195,10,따뜻함과 미소는 돈에서 나오는 것이 아니다
159311,17008098,10,
159311,17002375,10,마음이 짠한 영화네요 정말 생각없이 봤다가 이런 훌륭한작품이 있는줄 몰랐어요 !! 물질 만능주의시대에 당신의 행복 기준은 무엇인가? 라고묻는듯 하네요 양면성을 가진 영화라 해석도 가지각색일듯 하네요 ^^
159311,17001958,8,타인에 대한 존중은 어디까지인지..세상과 타협은 어디까지인지.. 스탠다드란? 어느기준인지.. 다시 생각해보게하는 영화였어요 끝까지 재밌게 보았습니다
159311,17001123,10,"내인생영화 봐도봐도또보고싶은,"
159311,17000122,8,외로운 날 위로가 되는 영화
159311,16999330,10,감동스러운 영화에요.
194765,17027476,10,굿 배우들의 연기와 배경 째즈 음악과 감독의 연출 다 멋졌습니다
194765,17024696,10,별 생각없이 보다가... 시간흐르는줄 몰랐다
194765,17021881,10,"주말영화 편안하게 보고 싶은 영화찾다가 제목에 끌려서 선택했던 영화 기대 이상입니다:)연기,스토리 그리고 번역도 올드하지 않은 영한 느낌에 OST가 찰떡이네요지루할것 같지만 전혀 아니여서 더 몰입할수 있었고충분히 공감할 수 있었던 가족영화네요재밌게 잘 봤습니다^^"
194765,17019749,8,가족이란 뭘까 너무 가까워서 사람 대하듯 하는걸 까먹을 때가 있는 것 같아
194765,17003328,6,꼬일 대로 꼬여버린 위기의 중년
194765,17002772,5,"코믹영화인줄 알고 봤으나, 코믹영화 아닙니다.진지한 영화에요. 돋보이는 촬영효과가 있고프랑스영화 느낌의 거친느낌이 있습니다.노렸다면 노력이고, 대충이면 대충일 것 같은 느낌들이 인상적이였네요,"
194765,17001014,10,
194765,16999383,10,진짜 너무 잘만든영화인생에 대해 생각해보게하는... 소설 형식의 편집기법이지만 작위적이지않고 너무 좋다!
194765,16993545,8,스토리도 연기도 다 좋았습니다가족에 대해 생각할 수 있는 좋은 시간이었어요~
194765,16993235,8,지루할 것 같지만 전혀 그렇지 않고 몰입하고 재밌게 봤다. 프랑스식 유머라기보다는 누구나 웃을 만한 요소가 많다. 결말이 예상되는 조금 뻔한 전개긴 하지만 지루하지 않고 재밌게 흘러갔다는 점에서 높은 점수를 주고 싶다.
37742,17028755,8,‘일리아드’의 웅장한 서사를 스크린에 옮겨놓은 영화. 엄청난 길이의 러닝타임에도 장면장면이 화려하고 이야기가 많아 지루하지 않더라. 이런 스케일의 대작 요즘 왜 안나올까 아쉬움.
37742,17024229,10,인생영화등극...긴장감 장난아니에요
37742,17019692,7,브래드 피트 몸매좋네요
37742,17019093,10,이 영화를 영화관에서 본 것은 행운이다 성인이 되어서 볼 수 있을 때에 마침 영화관에서 상영을 해 영광이다 내가 역사 영화를 좋아하는 지 몰랐다 말로 표현 하기엔 단어들이 부족하다 웅장하고 내 가슴 속 무언가가 휘몰아치는 듯한 느낌이 들었다 정말 이 영화를 영화관에서 디렉터스 컷으로 보게 된 것이 올해 제일 잘한 일이고 뿌듯한 일인 것 같다
37742,17017180,10,존잘남들의 향연ㅋ긴 러닝타임에도 불구하고 시간 가는줄 모르고 봄 이런게 영화 아님?!
37742,17007240,9,그땐 몰랐지만 지금 보니 한 명 때문에 빡치네
37742,17001416,10,다행히 이 영화를 극장에서 봤습니다.이 영화를 극장에서 꼭 보세요.재미와 감동 둘 다 한꺼번에 느낄 수 있을 겁니다.올랜도 불륨인지 매직인지 이 인간 화면으로 들어가 니킥날리고 싶었어요.^^브래드 피트의 아킬레스역은 신의 한수싹수없는 남자지만 강인하고 멋지고 사랑앞엔 약한 남자최고였어요.
37742,17000714,10,재밋엇어요 역시 잘만든 영화
37742,16996013,9,브래드피트 필모에 한 획을 그은 작품. 조각상보다 더 조각같은 몸을 보여주기 때문에.
37742,16993850,9,영화관에서 보기 딱인영화
27111,17028289,10,삶이 담긴 대사가 주옥같았다
27111,17009760,8,장화가 아닌 부츠가 잘어울렸던 로제타.물보다는 맥주를 고파했던 로제타.일보다는 관심을 고파했던 로제타.
27111,16909341,7,그저 로제타 앞날에듀 봄날이 오기를
27111,16877522,8,먹고 사는  일이 얼마나 고달픈가를 보여준 영화. 궁지에 몰리면 선의를 베푼 이에게 칼을 들이대는 사람들이 있어 슬프다.
27111,16869515,9,살기도 힘들고 죽기도 힘든 우리의 삶.
27111,16828686,10,"사람들이 같은 처지에 처한 사람들에게 공감을 하고, 이해할 수 있다는 것을 깨닫게 해준 영화."
27111,16785519,8,"삶과 생활의 의미(분화)론.이렇다 할 (영화)음악은 없지만, 음악 같은생활 소음, 산업 소음 같은 음악.연출하지 않는 연출, 연기하지 않고 생활하는 연기.혹독한 생활 속으로 입수入水."
27111,16748582,9,
27111,16703194,9,다르덴 형제 최고의 작품
27111,16696691,10,윤리로 결합되는 만남을 넘어선 잔혹한 현실 만남의 진수
179397,17013567,10,ㅠㅠ.. 너무 귀엽다 애들이
179397,16992560,10,
179397,16918349,8,진실을 마주한 소년의 성장과 사랑을 느낀 소녀의 심경변화가 감명깊다. 안지호군의 다음 영화도 기대가 된다!
179397,16896656,7,좋은 연기와 영상미. 다만 중간부터 눈치챌 수 있었던 결말이 조금 아쉽네요. 굳이 그래야 했을까
179397,16868258,10,결말부분으로 갈수록 그 장면들에서 놀라긴했지만 미소가 나온 영화였다.
179397,16864858,10,티비에서 틀어주길래 기대 안 하고 봤는데 생각보다 몰입이 많이돼서 넋놓고 봤네요 재밌어요
179397,16864187,10,"보희와 녹양. 따뜻하고 착한 사람들의 이야기라서 좋습니다. 영화 다섯은 너무 많아, 혹은 가족의 탄생에서 느꼈던 잔잔한 편안함이 느껴집니다.안지호, 김주아 배우의 미래를 기대합니다."
179397,16862923,9,독립영화지만 시종일관 웃으면서 본 몇안되는 작품
179397,16862917,10,"잔잔하면서도 큰 감동. 스토리와 연출, 두 주연 배우의 연기가 좋았고 조연들도 완벽했습니다"
179397,16862912,10,스무살의 여름밤같은 영화였습니다 참 좋네요 남주 여주 너무나 사랑스러워요
156912,17025178,10,
156912,17025013,10,정말 좋았던 영화... 뭐가 좋았냐고? 그냥.. 두 친구의 우정이 좋았고성장하면서 다채롭게 변화하는 이야기가 좋았고.. 싸우고 하면서도.. 내 진짜 친구는 바로 너야 라는 점이 좋았음
156912,17022007,9,"영화가 끝날 무렵, 초중반부 내가 했던 고민들이 다 먼지같이 사라져버렸다.안생과 칠월, 누구의 삶이 더 옳고 그른가하는 마음보다는 두 사람의 삶을 모두응원하는 마음뿐이 남아있었다..."
156912,17020292,10,칠월과 안생 모두 행복해라
156912,17019809,10,
156912,17019691,10, 사랑이라는 감정이 허무하다고 느껴지다가 결국에 남는 건 진정한 사랑뿐이라는 것을 알게해준 영화
156912,17019659,10,
156912,17012515,8,괜찮은 영화임 볼만함..
156912,17007499,7, 그냥 쏘쏘.. 그냥저냥
156912,16999163,10,"연기가 너무너무 좋았어요. 두 친구의 우정과 사랑, 희노애락을 다 느낄 수 있는 영화였어요."
36651,17023341,8,갱단의 허구와 내면을 잘 보여준 수작...
36651,17015583,10,관객점수 90점 이상은 두말말고 봐라.
36651,17010739,8,인상깊은 영화
36651,17009384,7,작품 잘 봤습니다.
36651,17008198,10,볼때마다 잘만들었다고 느끼는 영화
36651,16997939,10,영상미가 돋보였던 범죄영화
36651,16988288,10,하영누나.. 저 아직 마취가 안풀렸어요...
36651,16987928,10,내용을 알고봐도 재밌네
36651,16981333,10,등장인물이 많았는데 한명한명 조명하며 스토리를 이어나가는 것도 좋았고흔들리는 카메라를 따라 브라질 빈민가의 이야기를 보는 것도 좋았다
36651,16980792,10,손에 꼽는 명작중 명작  타란티노가 보고 배우길.
194688,17032909,1,차라리 저때 광주를 냉정하게 밀어버렸었더라면..
194688,17030170,1,ㅋㅋ 참 이딴것도 영화라고
194688,17028351,1,일베분들이 뭐라 하는 이유가 있었네요. 모든 것들이 왜곡된 체 어린 아이들이 왜곡된 역사를 배우고 있습니다. 신안에서 일어난 일은 드러났지만 이 이야기는 껍데기만 알려진 수준이죠. 일반인들도 서서히 깨어나야합니다. 광주는 폭동이예요!
194688,17028002,2,지긋지긋한 반일팔이 민주화 팔이 . 너그들만의 카르텔.
194688,17027732,9,"<광주비디오>라고 해서 5·18민주화운동만 다룬 이야기라고 생각했는데, 그게 아니라 80년 5월 광주 이후 광주를 다룬 비디오를 보고 민주화운동에 뛰어들었던 사람들의 계기, 그리고 민주화운동의 연속성을 포착한다는 점에서 기존 영화와 뚜렷한 차별점이 보인다. 5·18민주화운동 당사자들의 이야기를 조명하기보다, 누가 그 사건에 감화되고 또 알리려했는지, 그 사건을 알리기 위해 영상은 어떤 과정을 거쳐왔는지 조명한다는 점이 색다르고 훌륭했다. 게다가 중간중간 극적 효과를 올리기 위해 연출한 영상과 드론으로 촬영한 조경들이 잘 어우러져서 영상미도 탁월했다.아쉬운 건 \'사라진 4시간\'과 \'광주 비디오\'의 연관성이 잘 안 보인다는 것 정도. 광주비디오에 대한 다큐멘터리로 1부/2부 나누어 기획되었다면 좋았을 뻔. 후반부부터는 갑자기 \'사라진 4시간\' 이야기가 나와서 한 영상으로 묶기에는 주제가 두개로 나누어진 느낌을 받았다. 좋은 작품인데, 포스터도 그렇고 홍보 포인트를 잘 못 잡은게 아닌가 싶다. 포스터가 너무 호러 장르처럼 디자인되어서 영화를 보기도 전에 심리적인 거리감을 느낄 수 있을 것 같다."
194688,17020249,1,솔직히 이게 영화냐? 문재앙 체제 선전용 방공영화
194688,17017978,1,ㅋㅋㅋ 5.18 유공자 명단이나 까세요 오OO색히들아
194688,17014852,1,아~ 이거 그 리해찬님께서 불법 운동하시다가깜빵에 잡혀들어갔을때 일어난 사건인데리해찬님이 유공자 명단에 들어가있다는 그 사건 맞죠? 실제 유공자는 500명가량인데 등록된 유공자가 5천명이 넘는다는 그 사건 맞죠??까놓고 유공자도 아닌데 유공자라고? 항상 하는 짓이 똑같네요반일프레임과 광주 이번엔 세월이 가면~~ 추가~조만간 세월읍읍 영화도 나올 각 아닙니까?노랭이 달고  충분히 가능성 있어보이네요?
194688,17014502,1,열자이상적어야하네요
194688,17011633,1,포도먹고싶네요..쩝쩝
189438,17001058,3,요즘 같이 치열한 영화판에서 이런 스토리와 영상으로 관객에게 다가오는 용기는 대단하다. 이영화 직접 영화관 간 사람들이랑 끝까지 관람 하신분들께 감독님 만원씩 드려야 할 듯  영화인 예술인은 좀 틀에서 벗어나는 노력을 해야만 한다 포스터보고 낚여서 끝까지 본 희생자 올림.
189438,16958833,8,엄마보다 여자이고 싶은 여자와 사랑받고ㅈ싶은 여자
189438,16913615,3,너무 지루하다 그리고 재미 하나도 없다 스토리 또한 최악!
189438,16910068,5,부모의 맘을 자식이 어찌 알까? 아니! 자식의 맘을 어찌 부모가 알겠느냐!
189438,16899333,10,배우들 연기가 너무 좋았습니다. 이런 영화들이 널리 보급되었으면 합니다.
189438,16888147,10,"누구나 이해할 수 있는 스토리,  하지만 복잡한 이 감정 선들..이해하기에 앞서 이 감정을 느껴야한다.영화관에서 다시  만날 수 있었으면 좋겠다"
189438,16883940,1,솔직히 잘 모르겠다.
189438,16883108,10,뻔한 스토리지만 잘봤습니다 연기를 잘하셔서 몰입해서 봤습니다
189438,16881481,10,"담백한 대사 하나하나, 배우님들의 웃음과 울음에 나의 마음이 따뜻해지는 그런 영화.Ost의 가사도 좋으니 꼭 보시길 추천합니다"
189438,16880895,10,최고의반전이있습니다
146504,17032060,10,이게 대한민국 영화의 힘이다! 제발이상한 정상회담같은 영화만들지말고 이런좋은영화좀 계속 나왔으면 좋겠다!
146504,17030317,8,아이들의 시선이라고 다 푸르고 맑은 건 아니다
146504,17030298,10,봉숭아물이 손톱에서 다 빠지면 우리는 괜찮을 수 있을까.
146504,17026067,10,감정이입되서 몰입하며 봤습니다...최고예요
146504,17025298,10,초등학고 4학년들의 모습과 어른들의 모습은 크게 다르지 않다. 자신을 보호하는 방법을 터득했을 뿐
146504,17019690,10,아주 좋고 너무 좋아요.
146504,17016731,10,재밌게 봤습니다!
146504,17008308,8,그럼 언제 놀아? 너무 단순해서. 눈물났다 그러게 그럼 우리 언제 놀아
146504,17005523,10,
146504,16998844,1,"속도 없고 생각도 없는 바보같은 주인공이 벌이는 스토킹 수준의 친구 찾기와 10대판 복수, 폭로전. 나아가 치정으로까지  보이는 이 불편함은... 내 눈의 문제가 있는건가? 심지어 문제의 한복판에 있는 보라는 잘먹고 잘사는 게  감독의 속내일까 내 마음의 문제일까? 뭐 이리 무책임한 영화를 왜 이렇게 좋게 평가하는지 이유를 좀 알고 싶다. 누가 말씀 좀 부탁드려요"
147945,17015915,9,
147945,17013624,9,"어쩌면 포기할 수 있는 데에도 많은 용기가 필요하고 그것이 자유를 가능하게 해줄 수 있다. 영원한 건 절대 없고, 그것의 상실은 필연적으로 우리를 기다리고 있다."
147945,16992000,8,"살면서 다가오는 것들, 그 무엇보다도 사람들, 다가오는 그 사람들을 어떻게 맞고 떠나보내느냐가 바로 삶"
147945,16922318,8,"시간이 지날수록 자꾸 생각나고, 곱씹게 되는 영화.그리고 이자벨 위페르의 훌륭한 연기."
147945,16873574,8,
147945,16778037,9,
147945,16730066,10,"가족에게 둘러싸여 분주할 때는 모르다가 정작 자신만의 진정한 자유가 주어졌을 때 고독감, 본인의 진짜모습과 마주해야함. 새롭게 다가오는 것들에서 바로 행복을 찾기보다는 낯설고 슬프고 허전함을 느끼며 새로운 하루를 살아나갈것."
147945,16691979,6,세월이 흐르며 닥쳐오는 이 앞날들을 어떻게 이겨낼 수 있을까.
147945,16678282,9,삶은 사는것이 아니라 살아내는 것..저절로 다가오는 삶을 덤덤히  살아내는것이 잘 왔다가는 것. 그것을 그린 영화
147945,16488074,10,그녀의 삶을 보면서 나의 삶을 생각하게 되는 영화.
188162,17025677,10,
188162,17025644,1,"구라쟁이들,,,그것도 지독한 구라쟁이들.."
188162,17024129,10,전쟁이 휴전된지 70년이 지나도 종전선언을 안하고 적대적으로 평화와 반대로 가는 이유는 무엇인가? 북한이 수교를 원해도 안해주는 이유는  분단을 이용해서 계속 무기를 팔고자 하는 미국과  한반도 침략을 꿈꾸며   평화방해 이간질을 해대는 일본때문이었다.
188162,17009774,10,
188162,17001338,1,대국민 쇼! 토착빨갱이들 코메디하냐...
188162,16998165,1,"ㅡ,.ㅡ 좌파는 한국역사를 비방하고 싫어하면서 왜 한국에 들러붙어서 정권잡고 정치하면서 대한민국을 망치는가."
188162,16996258,1,이딴 개 쓰레기같은걸 돈 주고 만들었냐 설마?
188162,16995064,7,삼자의 눈을 통해 보는 한반도의 길
188162,16993514,1,걸캅스보다도 못한 유일한 영화
188162,16993015,1,쓰레기
172181,17014165,1,기대 안한 만큼 딱 그만큼 제 점수는요
172181,16872301,10,
172181,16855713,5,영화 내내 느껴지던 불안한 마음은 이내 다른 의미의 안락함으로
172181,16844156,1,엔딩이 이게 모냐 열린결말도 아니고 2부 나오냐ㅋㅋ
172181,16844123,10,좋아요.청주에서 찍어서 더좋구요.
172181,16842905,7,"남과 북, 바닥인생의 위험한 비행"
172181,16829319,1,와 절대 보지마세요 진짜 ;;;;수 많은 영화 봤는데 처음으로 돈아까웠음 내용도 병맛인데  중간에 갑자기 영화가끝남 ;
172181,16821052,5,날개짓부터 배워야 하늘을 나는법.
172181,16817456,10,냉정한현실을 말하는영화연출 연기 보기가좋네요
172181,16817112,6,마약은 사회의 기생충
194285,17033230,1,휴...한숨밖에안나오네요..배우수명을송두리째죽이는영화..
194285,17032967,1,"이런 긴장감 없는 합도 안맞는 액션은 우뢰매이후 처음 이네요, 이건 돈주고 봐달라고 정중하게 부탁해야 하는거 아닌가요? 전적으로 감독 잘못이라고 봄"
194285,17032511,2,왠만함 평점 안남긴다 진짜 쓰레기다 오지호때문에 봤는대 개실망이다
194285,17032173,2,이런걸 영화라고 만든건가 영화 감독은 먼 생각 으로 이런 영화 를 만든 건가 궁금
194285,17031538,2,진짜 별 1도 아깝내 아~오지호배우 나올때부터 알아봣어야햇눈데ㅜㅜ진짜 잼 읍듬 머 보기나름인데넘 지루하고 끝은 머~????ㅋㅋㅋ내용도 그렇고 도대체  ㅋㅋ아우 짜잉 돈버림 아흑 승질나~ㅜㅡ 브이오디 쿠폰  마지막이엿는데이런 영화로 ...  아 ㅜㅡ 진짜 이런 ㅡㅡ  무료영화 나오면 보세요 ~~~~진짜로
194285,17031324,1,아 ㅅㅂ ㅈㄴ 재미없어 동네 개싸움 영상이 더 재밌겠다
194285,17029773,1,"이 영화는 장점이 없다.일단 배우들 연기가 매우 발연기라 몰입력이 떨어진다. 그리고 영화 촬영 장비를 이상한 걸로 썼는지영화 전체적으로 색감이나 영상미가 매우 구리고심지어 음향도 매우 난장판이다.다른 영화지만 무서운 집처럼 일부러 쌈마이 감성을 살릴려고땅굴 녹음으로 유명한 회사에 작업시키는 것이 아니면능력이 그렇다는 건데 그렇다면 매우 하자가 많다는 얘기다.감독이 무술감독을 하다 처음으로 감독을 맡은 거 같은데내 생각엔 명작 클레멘타인처럼 영화적 센스가 능력이 부족한분이 무술감독을 하다가 ""나도 영화 만들 수 있을 거 같은데?""라는 마음으로 만든듯한 느낌이 너무 든다.하지만 영화 전개도 80년대 VHS 비디오 시대 느낌나고이 영화 시작하자마자 남자끼리 흐느끼며 부비적 거리는 장면은육체미보단 징그럽단 느낌이 가깝고액션씬도 많이 별로다. 개싸움 느낌을 준다면 말죽거리 잔혹사처럼만들어야 하는데 전혀 그렇지 않다.스토리 전개 10분, 과거 회상 5분을 3번 반복하는 질질 끄는 연출은""아뿔싸 당했구나.""라는 절망감을 심어준다.내 생각엔 프리즈너는 만듬새가 너무 구려서 클레멘타인처럼 나중에 망가진 영화로써 회자될거 같다.만약 감독이 80년대의 감성과 스토리 전개, 인물상등을 염두해두고풍자성을 띄려고 이렇게 엉망으로 연출했다면 무서운집같이 센스있는 작품일테지만 프리즈너는 전혀 그렇지 않아 보인다는게 문제다.어용 국뽕이 싫어서 강철비를 피하고신파가 싫어서 반도를 피했지만 이 영화를 피하지 못한 나 자신에 화가 난다."
194285,17029502,1,연출 연기 스토리 영상미 OST전부 빵점돈이 아깝네..ㅜ
194285,17029064,1,초반에 5분 중간에 5분  봤지만 그시간도 아까운 영화 최악중에 최악
194285,17028646,2,진지하게 이거 볼빠에 워낭소리 영화에서 자연보고 소 울음 소리 들으면서 한숨 자셈 이건 돈도 아깝고 소리만 지르니깐 잠도 못자 중간에 끄고싶지만 돈아까워서 완주해봄 진지하게 빠꾸처라
174830,17032251,10,짱
174830,17026185,10,개슬픈 영화..
174830,17025055,10,"나는 이 영화 정말 최고라고 생각한다. 실제로 배우들 조차도 현실성 있게 제3세계,이 영화 속 현실과 가까이에 살았던 아이들을 길거리 캐스팅해서 뽑았다고 한다.연기경력이 없음에도 불구하고 너무 진실한 놀라운 이들의 연기 비법은 그들의 현실을 담아냈기에 가능했다고 본다. 내용조차도 나는 너무 심각하게 좋고 가치있는 영화라고 생각한다. 스포는 안하겠지만 혹시나 안봤다면 꼭 보세요. 진짜. 쩌니까 너무. 나도 이런 영화 만들고 싶다.꼭 보세요 어쨋든.. 꼭! 후회는 없어"
174830,17024429,10,펑펑울게 만든 인생영화
174830,17022758,10,추천합니다 ㅠ 감명깊게 봤네요
174830,17020323,10,인생영화!
174830,17010579,10,
174830,17002932,9,먹먹하다 책임질수없으면 낳지 않아야지우리나라의 5~60년대 비슷
174830,17002386,9,실상을 적나라게 확인할수있는영화
174830,17002016,10,
190447,17013320,10,"고양이 집사로서,, 너무나 따듯하게 봤네요. 마음이 아프기도 하지만, 곳곳에서 길냥이들을 케어해주시는 분들이 계시니. 너무 감사하고 조금이나마 안심이 되네요.레드 잘 있겟죠?   세상 모든 냥이들이 편하게 살수있는 날이 오길.ㅜㅜ"
190447,16990124,10,
190447,16947954,10,맘이 따뜻해지는 아름다운 영화네요..10점 박고 갑니다
190447,16947322,10,따뜻함. 힐링 받으면서 관람했습니다.
190447,16947074,10,고양이를 키우고 길고양이 밥주는 사람으로써 너무 공감되는 영화예요ㅠㅠ 길고양이 밥챙겨주시는분들 너무 감사하고 늘행복한 일들만 있으면 좋겠어요
190447,16934387,6,미국에서는 집밖 고양이가 죽이는 조류의 숫자가 하루에 360만 마리라고 한다
190447,16932680,10,이런분들이 있어서 다행이다 생각하면서 본거같아요감사합니다 이런 다큐영화로 힐링했어요
190447,16928780,10,고양이를 예뻐하지안아도됩니다제발 해코지만하지말아주세요 길양이들도 하나의생명이고 아픔도느낌니다 다만 사람처럼 말을못할뿐이지요챙겨주지는못할망정 해코지는하지말아주세요부탁드립니다!!
190447,16927405,6,그래도 묶어놓고 키우는건 좀....
190447,16918581,8,고양이좋아하면추천이다
178569,17031630,9,"대단한 영화가 아닐거라고 생각했으나, 이정도면 괜찮다~~"
178569,17005562,10,
178569,17001973,9,"서울과 고향 사이, 이상과 현실 사이, 가족과 친구 사이, 그리고 자아와 삶 사이. 가장 잔잔하지만 무시할 수 없는 묵직함이 담긴 영화."
178569,17000795,9,간질간질하고 미지근한 영화입니다 저는 좋았습니다 영화관에 저뿐이었기에 더 좋았는지도 모릅니다
178569,16998977,9,이런 잔잔한 저예산영화가 좋다..
178569,16992284,10,소소하고 공감할 만한 스토리에 배우들의 탄탄한 연기력과 영상미가 더해져 완벽했다. 나도 모르는 사이 서서히 스며드는 진한 감동이 있는 영화.
178569,16992133,8,"이 영화를 보면서 문득 저도 스스로에 대해 ""나는 지금 잘 살고 있는가? 잘 살고 있었는가? 앞으로 어떻게 잘 살 것인가?""라는 질문을 던지게 하는 영화였습니다. 연기력도 탄탄한 배우들로 구성되어 있어서 몰입하는 데 좋았습니다. 제가 보았던 이상희 배우의 필모 중에 가장 밝고 예쁘게 나오는 것 같네요!"
178569,16992079,8,
178569,16987252,10,감상평은 모든 장면에 감성이 담겨있다.마지막에...이동휘 배우님이 담패피는 장면과 국도극장을 잡아주는 장면에서 참 많은 생각을 들게했다...
178569,16983421,10,"잔잔한 자극적이지 않은, 힐링이 되고 따뜻한 그런 영화"
194294,17033956,7,서호주의 멋진 풍광과 대자연에서의 좌충우돌 여행기!
194294,17027743,10,감상평보고 걱정했는데 꽤 재미있었습니다^^
194294,17027137,1,처음으로 남겨보는 후기.. 진짜 최악이고 이거 다 보면 내가 뭘본거지 싶습니다. 맥락도 없고 밑에 10점 다 알바네요.. 여러분 돈 시간 다 날립니다 절대 보지 마세요. 영화감독에게 투자한 사람이 있나 의심될 정도로 이상한 영화임
194294,17026537,1,제발 보지마세요... 휴가날.. 시간 맞아서 그냥 봤는데 내 휴가 내놔...충격적으로 별로에요.. 그냥 남자친구랑 이런 충격적인 영화를공유 했다는 것에 만족합니다... 진짜 인생 제일 별로입니다  이런 영화 왜 만드는 거조??? 공짜로도 안봄
194294,17026254,10,
194294,17025869,2,음 감동도 없구 재미도 없구 교훈도 없구 심지어 연기도 너무 별로구 내 소중한 시간 내놔ㅠㅠㅠ 돈은 제법 들인 영환데 내용이 다 망친것같아요 흠 진짜 영화보고 영혼이 털린 느낌은 첨이넹
194294,17025670,10,정말 이 영화보면서 힐링받은적이 처음인것 같네요ㅎㅎ 초등학생인 제가 봐도 정말 인상깊고 로맨틱같네요 제 인생영화입니다~ 꼭 보세요 바로 여행 조지고싶은 마음이 드네요^^
194294,17024850,10,"개인적으로 여자친구와 너무 재미있게 봤습니다.사람 사는 이야기 인생이야기도 좋았고, 소소한 재미도있었어요. 로맨틱한 스토리도 맘에들었구요 ㅎㅎ"
194294,17023924,10,서호주의 광활한 그러나 덥고 건조함이 느껴지는 그 곳에서 상처 입은 두 남녀가 만나고 헤어지는 모습을 통해 상처를 극복해 가는 모습 만으로도 웃음 짓게 만드는 캐쥬얼한 영화였습니다.
194294,17023749,10,"소소하지만 힐링되는, 너무 유쾌한 이야기네요. 이런게 \'소확행\'인가 싶어요 풍경죽이네욬ㅋ \'모든 것을 벗어던진\' 이란 제목에 이런 중의적 의미가 있을 줄이야..ㅋㅋ 코로나 때문에 여행 못가는데 완전 대리만족 하고 왔어요!"
37544,17028993,10,보는 내내 빠져들게 만드는 걸작
37544,17023940,4,너무 난해한 영화 주인공들의 연기는 괜찮았음
37544,17001459,9,낭만의 도시에서 자유를 갈망하는 두 종류의 철학
37544,16954298,5,영화광 철부지들의 자아성찰 이야기?감독이 지가 동경하는듯한 옛날 영화들 오마주가 계속 나오는데 관객의 공감을 끌어내기엔 어렵고 긴 러닝타임에지루해질까봐 중간 중간 자극적인ㅅㅅ장면을 넣은듯 함.
37544,16937281,9,미국인 매튜는 어쩔 수 없는 이방인. 매튜도 샴쌍둥이를 곱게만 보진 않는다.
37544,16880865,7,"반짝이는 것에도 정도가 있지, 점점 그 반짝임이 치기로 느껴지던 찰나 영화는 질문을 던진다. 머릿속만 시끄럽고 아무런 행동도 하지 않는 청춘들. 너는 지금 다르냐고."
37544,16860160,10,
37544,16854879,10,아름다운 혁명의 영화
37544,16854209,10,최고다….….….….….
37544,16854161,10,청춘에게 받치는 혁명의 이데올로기
176625,16857513,10,
176625,16840352,9,나의 뒷모습. 너의 뒷모습. 시대의 뒷모습. 이건 희망인가 낙담인가.
176625,16524927,10,차가운 밤에 따뜻해지는 마음.
176625,16508860,7,"스토리, 편집의 힘. 대사의 전달력은 떨어지나 저예산으로 이정도는 수준급."
176625,16459760,6,기대없이 봤는데 여운이 남는다.
176625,16409800,5,"시간이 거꾸로 가는게 유행인가 이번에 유령이 거꾸로가네.나는 내일, 어제의 너와 만난다를 차용한 영화."
176625,16390489,8,살아있을땐그누구에게도말하고싶지않았으나...죽고나니간절해지는
176625,16380214,10,괴쩔어
176625,16372662,6,약간의 긴장감과 끝나고나서 여운이 남는 영화였어요  배우들 눈빛이 무서워요 ㅠㅠㅠㅠ
176625,16329977,8,"여운도 많이 남고, 묘한 작품이네요 좋아요"
174294,17018177,6,오랜만에 접한 율림이 있는 영화.현실은 과거가 아닌 미래 맞다.
174294,17003277,4,영화에서조차 홍대병이 유행인가힐링 영화같은 소리는 좀 안 하면 좋겠다너무 극단적인 스토리 전개에 진이 빠져버렸다
174294,16899064,2,"대사들이 너무 어디서 본것같고 유치하고 작위적임.. 전주에서 상영해서 기대했더니 주인공 한명 연기빼면 시체였다. 너무 지루하고, 큰 통찰은 없으며 오히려 취준생의 삶을 영화로 이용해먹은것 같다. 취준생인 내가 볼땐 어떤 감흥도 없었다. 취준생의 \'힘든 삶\'이란 스토리를 이용해먹고 그 어떤 감동이나 새로운 시선을 주지않는다"
174294,16877368,2,지루한 영화... 순진하게 사는 세상에서의 하소연?
174294,16853064,6,현실의 삶을 반영한 연출이 인상적이긴하나 2시간을 내리 보기엔 지루한 전개 & 설익은 연기
174294,16824296,6,"마음의 안식은 터무니없이 찾아오는 이 역설적인 나라, 세상. (\'아프니까 청춘\'이 아니라, 아픈 것은 아픈 것.)"
174294,16769903,6,"그냥 내가 살고있는 세상인듯,,"
174294,16759754,10,
174294,16755668,7,굳이 홍상수 따라 안 해도 충분히 경쟁력 있는 사람인데 카피하려면 완전 똑같이 가던가 아니면 아예 다르게 가던가 했어야 하는게 아닌가 싶은 애매함
174294,16753038,6,흑백세대가 아니라 그런지 좀 답답하게 봤어요. 흑백갬성 좋다는 분들도 있는데 전 전혀 아닌가봐요. 컬러가 새삼 이렇게 소중한지 깨달았네요.
189118,17033648,5,이유리 얼굴 진짜 너무이쁜데... 연기력이 좀 많이 부족한듯
189118,17033319,5,뻔한 스토리에 뻔한연출 재미를 찾아볼려고 참고봤지만 끝내 재미를 찾을수 없었다
189118,17032147,8,오랜만에 판소리 영화 봐서 새롭네요. 진부한 권선징악 스토리 마저도. 이 영화는 뮤지컬 영화입니다. 그러니 뮤지컬 영화에서 큰걸 바라지 마세요. 연기자들의 판소리가 감동이 있습니다. 그거면 충분합니다. 보세요
189118,17030871,10,"정말 재밌게 봤고, 좋은작품 감사합니다감독님,배우님들 수고많으셨습니다"
189118,17030618,10,
189118,17029203,10,소름돋는 심청전. 클라이막스를 보며 나도 모르게 눈물이 주루룩. 짬짬이 코믹까지. 진짜 강추합니다.
189118,17027391,8,"판소리 심청가를 흐름으로 조선시대의 부패한 정치, 사회의 이야기를 담아내는 창의적인 영화. 창의성에 +1점이나 다른 내용이나 전체적인 무게는 떨어진다. 마지막 심청가의 마무리."
189118,17026915,8,"연출이 각본을 못 따라가고 조연들은 부자연스럽고특히, 소리 영화에서 대사와 판소리가 뭉게지고 필요없는 주변음들등 음향이 많이 아쉽워요.그래도, 마지막 소리는 감동적임다."
189118,17026828,8,제가요? 판소리에 감동 받았습니다.
189118,17026807,10,짱짱 오랜 만에  너무 잼있는 영화 추추추천
10323,17003465,6,개인적으로 색감도 너무 아름답고 64년도 영화같지 않고 목소리도 다 좋은데 말들이 다 노래라 그냥 뮤지컬 영화 아닌 버전이 더 나을꺼 같음
10323,16990797,10,Danbiano....
10323,16986197,8,고전영화 특유의 영상미가 아름답습니다
10323,16974537,8,아름다운 영상미와 잔잔한 스토리가 여운이 남는 영화 였습니다~!
10323,16952889,6,두 남녀 배우 처음 만나고 연애하던 시기는 남주인공20세 여주인공 17세라 -지금 현행법 원조교제 처벌대상이다 아뭏튼 군대가서 고무신 거꾸로 신는것은 현실도 많다 -여주인공 못됐다 인간쓰레기다 임신까지 하고 어떻게 돈 많은 놈한테 가냐? 영화지만 현실 그자체의 영화다
10323,16849013,9,굉장히 유명한 영화인데 뮤지컬인줄 정말 올랐다. 배경이 50년대인데 당시의 우리나라와 너무 비교되었고 분홍 빨강 보라 노랑 흰색 등 원색을 의도적으로 사용해서 배경이 아름답다. 물론 까뜨린느 드뇌브의 미모 또한 훌륭해서 화면에서 눈을 못떼게 하는구나.
10323,16846137,8,인연이 아닌 사람은 상처와 추억으로 간직된다
10323,16737486,9,예쁘고 낭만적이고 아련한.... 지금봐도 촌스럽지 않고 스타일리쉬하다
10323,16715281,6,처음부터 끝까지 뮤지컬인지 모르고 봤더니..귀가.좀 피곤하네여..영상은 아름다워요^^
10323,16689122,10,나는 너 없이 살 수 없을 거야 라고 했지만 결국 너 없이 살았네.
169647,17010280,10,
169647,16997627,10,제 이야기 같아서 보면서 내내 울었습니다. 저희 어머니께서 가출을 하시고 아버지도 술을 드시고 오시면 항상 자던 저를 깨워서 때리시곤 했죠  그 아픔이 30대 중반이 넘은 지금도 저를 따라다닙니다 저도 아버지를 용서 할 수 있겠죠?
169647,16975590,10,대사들이 와닿는 감동이...주인공의 인생 스토리가~OST와의 조화로움이 넘 감동스러웠습니다. 와닿는 메세지들이 많았던 영화예요..코로나 때문에 영화관 가서 보지 못한게 넘 아쉽네요
169647,16962198,10,"기독교를 그리고 예수를 좋아하지 않지만하나 배워야 할점은 “죄는 미워하되, 사람은 미워하지 말라” 인거 같습니다영화를 보며 죄를 뉘우치고 깨닫는 아버지의 모습을 보며 용서가 인간의 가장 큰 도전이란걸 배우게 됐습니다좋은 노래와 함께 가슴속에 새겨 두겠습니다"
169647,16958551,9,기독교적 메시지보다 아버지와 아들의 화해와 용서. 그 감동을 음악과 어우러지니까 더욱 뭉클함.
169647,16958509,9,한 번쯤 꼭 보면 좋은 영화라고 생각합니다~ 하나님의 일하심을 보게 되는 좋은 영화라고 생각합니다^^!
169647,16952099,10,명작 무조건 봐야함... 나는 상상할 뿐이지
169647,16948020,8,비종교인이라 전부 신의 덕분이라고 하는게 맘에 걸렸지만 아버지의 고민과 반성이 감동적이었습니다. 연출은 살짝 부족했지만 노래도 좋았고 재밌네요
169647,16947802,10,"감동입니다, 작품성도 좋습니다"
169647,16947586,10, 바뀔 것 같지 않은 절망적인 때 바뀔 수 있다는 희망을 주는 영화다. 바트 밀라드의 삶이 나와 닮았기 나의 삶도 하나님께  답을 구할 때 좋아질 수 있으리라는 믿음을 갖게 해줬다.
185380,17024983,9,
185380,17017650,1,자기 얘기만 할 줄 아는 감독이 병적인 나르시스와 연민에 빠진 채 한 손에는 와인잔을 한 손에는 담배를 들고 한껏 현학적으로 보이려 발버둥 치는 형국.
185380,16996673,5,영화당에서 소개되는 거 봤는데 전개 방식이랑 반전이 마크 포스터 감독의 2005년작 <스테이>랑 완전 똑같은 거 같아요.. 둘 다 사고를 당해서 생사를 오가는 사람의 무의식이 영화 내용임. 결국 반전이 거의 전부인 영화고 그래서 결말을 알고 다시 보면 더 놀랍다는 것인데 영화 평론가들이 오리지날 대우를 하는 게 좀 황당했음
185380,16991835,8,"상처를 주고 받았다는 것을 알면서도 기억하고 싶은 부분만을 기억해 스스로 방어하는 자의식과 좀 더 행복해지는 결말을 바라는 무의식이 과거와 현재를 오가며 불안정한 심리를 담아 낸 연출이 돋보인다. 보는 내내 유학시절 파리의 거리와 파리에서의 사랑이 자연스레 생각났다. 아득하지만, 나도 기억하고 싶은 것들만 조합해 기억하고 있을 ... 추억은 잔잔하지만, 기억은 요동친다 늘."
185380,16991154,5,왠지 프랑스영화같은 한국 영화..
185380,16961050,10,"소통이란 결국 남의 말을 듣는 척 하며 자기 얘기 하는 것. 사랑의 반댓말은 불안감. 현대인은 기억까지 조작해 가며 마음의 안정을 찾으려 하지만, 위태로운 삶은 이어진다. 자기성찰에 도움이 되는 수작"
185380,16960263,5,뭐 뭐든지 보는이와 들려주는이에 따라 다르겠지만 답이없는게 제목인듯 합니다 프랑스 스러운건가 프랑스 다운건가 뭐든지 붙이면되는 제일 편한 단어가 프랑스인듯하네요주인공이 한말은 참 멋있는데 극내에서 연기자를 연기하는 연기자들은 참 연기를 못하는게 이영화의 가장 매력이네요 프랑스나 한국이나 사람사는덴 다똑같습니다 누가 어떻게 겪고 헤처나가는거에 받아들이는거에 표현하는게 다를뿐이지 왈갈불가하는 자체가 돈주고 본 영화를 평가하는 기준이지 않겟습니까 ㅎㅎ^_^
185380,16958137,1,왜 무서워... ㅜㅜ에공
185380,16957374,1,카메라 앵글과 영화속 징소들은 나무랄데가 없는것 같아요. 스토리도 이해가 됩니다. 하지만 감독님은 이번 영화에서 주인공을 너무나도 잘못 선택하신것 같습니다. 이 영화는 주인공의 딱딱한 한국어 발음과 어설픈 연기때문에 감독님께서 이제껏 쌓아오신 커리어에 마이너스가 되었습니다. 오히려 조연배우들이 더 주연 같네요
185380,16953363,1,감독의 지적 허영심과 배우의 오버연기의 콜라보
194004,17009521,6,공감성 수치를 불러일으키는 16세의 기억들
194004,16947852,9,독일식 영어에 때묻지않은 이팔청춘에 조으네
194004,16943154,9,저격당했다 내 취향도 내 과거도난 왜 이렇게 이 영화가 사랑스럽지ㅠ?하나부터 열까지 다 내 얘기 같아서 공감되는 이야기들특별하고 싶었지만 튀고 싶지 않았던 사람들이라면 메이지와 벤의 심정을 이해하게 될 거다
179414,17005243,10,"외화획득 혹은 돈을 번 전쟁으로만 우리에게 인식되든 베트남 전쟁. 그 이면에는 무엇이 있을까? 바로 한국군의 민간인 학살이 있었다. 당시 한국군 자행한 민간인 학살을 겪었던 피해자는 그 상처를 기억하지만, 참전했던 용사들은 역사적 사실을 부정하고자 한다. 누구의 의견이 맞는걸까? 이 작품을 만든 이길보라 감독은 양측의 입장을 보여주며 영화를 이끌어 나간다. 확실한건 당시 한국군에 의해 피해를 본 민간인들이 지금도 두눈뜨고 멀쩡히 살아있다는 사실이다. 민간인 학살 피해자들이 외치는 목소리를 단순히 증거부족으로 외칠 수 있을까? 영화를 보며 이 질문에 대해 여러번 생각하게 된다. 왜 민간인 피해자들이 아직도 눈물을 흘리는 지를 알고 싶으면 꼭 보아야할 영화가 아닐까 생각해보게 된다."
179414,16901866,6,"아프지않고 억울하지않은 전쟁이 어디있을까? 단지 , 군인이아닌 민간인 학살같은경우는 가해국과 피해국모두 진심어린해결방법을 찾는모습이 좋을것이다. 그런데 ,베트남은 캄보디아 ,라오스나 미얀마등에 행한 학살및 진행중인 인권침해및차별에대한 책임은 지고있는지 반문해봐야하지않을까"
179414,16829872,10,"농인인 아저씨가 자기만의 수화로 그곳에서 일어난 참상을 설명했을 때, 나는 그걸 다 알아들을 수 있었다."
179414,16820336,10,"희생자의 기억과 참전자의 기억 간의 전쟁. 희생자의 기억 속에서는 아직도 사그라들지 않는 전쟁. 러닝타임이 짧고, 고증보다는 정서에 집중하였기 때문에 아주 훌륭한 다큐멘터리를 기대하기는 힘들지만 중요한 메세지를 상기하고 있다는 점에서 잘 보았습니다."
179414,16813517,9,여성의 눈으로 본 전쟁. 인물에 초점을 맞춘 연출도 훌륭했다. 다큐영화임에도 살아 있는 캐릭터들!
179414,16799597,1,현정권에 아부하는 정치 선동 영화는 안 만들었으면.
179414,16798236,2,"베트남 전쟁.정확히 외화벌이 위해 참전하게된 한국군무지막지한 폭우, 습도, 고온, 이름모를 벌래들의 습격...특유의 단결력으로 남녀노소 할것없이 등돌리면 총알이 날아오는 전쟁판에 살기위해 누구든 죽여야만했고, 그로인해 평생 트라우마에 시달리는 참전 용사들을 욕하지말라자신의 이익 위해 돈킹만 사건을 일으킨 패전국 미국과, 그 시절 꽃다운 나이의 젊은이들을 사지로 내몬 정치인들을 욕하라"
179414,16791887,8,피해자 분들이 계시는 건물과 거리와 자연이 참 아름다웠다. 그 화면 안에서 담담히 증언하시는 모습이 인상적이었다.
179414,16790856,8,
179414,16790086,8,"일본군 \'위안부\'의 피해자 할머님들과 베트남전쟁의 피해자 분들이 한 자리에 모여 전쟁의 아픔과 피해에 대해 이야기 할때 기분이 묘했습니다. 우리나라는 전쟁의 피해를 받기도 했지만, 피해를 주기도 했었다는 역사를 잊지 않겠습니다."
123298,17023978,6,끝날때 느낌이 매우 좋았다
123298,17005211,9,다르덴 형제는 결코 쉽게 문제를 해결 해 주지 않는다. 인생에 있어서 던져지는 수 많은 질문과 선택.그 속에서 자신에게 부끄럽지 않은 선택을 한 그녀의 마지막 미소가 꽤 오래 잊혀지지 않을것 같다.
123298,16875472,10,우리 잘 싸웠지? 해 보지 않고 미리 짐작하고 포기하지 말자
123298,16839109,8,"보고 있으면 냉정한 현실에 괜스레 우울해진다,그럼에도 용기와 희망을 갖고 살아가는건 매우 중요하다"
123298,16814142,10,가스통의 무게를 온 몸으로 견뎌내던 로제타가 자꾸만 생각난다... 마음의 그늘을 표현하는 마리옹 꼬띠아르의 섬세한 연기가 인상적이다..
123298,16809114,6,인간이 딜레마를 대하는 방법을 보여 주는 영화.
123298,16800625,8,얼마전 본 책 내용중에 이런 내용이 있었다. 우리는 어떤 사실에 영향을 받는게 아니라 그 사실의 해석에 영향을 받는다. 주인공이 해석한 결과에 전적인 박수를 보낸다.
123298,16770371,9,"약간의 차이는 있겠지만  우리에게  충분히 일어날 수 있는 상황 설정,어떻게 극복하느냐를 차분하게 보여주었다. 남편과 동료들의 소중함과 이기적인 사람들의 진면목까지."
123298,16758499,9,"이 직장의 끝이 삶의 끝이 아니라는걸 깨달은 주인공. 그러기에 마지막엔 웃으며 다음 삶으로 뚜벅뚜벅 걸어갔다. 마지막 배경소리가 음악없이 엔딩크레딧에 쭉 이어짐이 모든것을 설명했다. 우울함에 빠지신 분들, 그럼에도 불구하고 조금만 더 걸어가봅시다!"
123298,16727404,10,"진정한 행복은 우울을 딛고 홀로 우뚝 서야 만이 얻을 수 있다는 것을, 영화는 어떤 억지 감동도 없이 사실적으로 보여준다. 떨어지지 않는 무거운 발걸음을 떼어 걸어가는 일처럼, 싸워야만 얻을 수 있는 행복에는 분명 힘겨운 과정이 동반되지만, 그렇게 얻어낸 새로운 길은 자신도 의식하지 못한 아름다움으로 빛이 날 것이다."
190620,16996245,2,역시나 연기력 별로...ㅡㅡ
190620,16937096,4,그냥 이 아줌마도 안나왔으면 좋겠어요 보기 싫네요
190620,16892312,10,"우리는살것이고, 저들은 죽을것이다 삶과 죽음의 순환은 계속된다"
190620,16867211,10,이경민배우 실제로 본 1인인데 대박 예쁘고 매력적으로 생겼는데 영화에선 미모는 아예 가려지네요멋진 연기는 최고 였습니다!
190620,16865166,6,죽음을 목전에 둔 인간의 희로애락을 다룬 작품
190620,16863969,10,"너무 재미있고, 의미있는 영화 잘 봤습니다. 대전시민들에게는, 대전이 고향인 분들에게는 반드시 권하고 싶은...  우리의 기억이라는 것, 우리의 identity라는 것: 뇌가 아파지면(종양이 커지면) 우리의 인식이 왜곡되고, 진짜 우리 자신을 define 할 수 있는 것은 무엇인지. 중간에 빵 터지기도 하고, 재미있으면서도 깊이 있는 몰입에 시간 가는 줄 모르게 감상했습니다.  목원대학교 TV.영화학부 박철웅교수님!이시기도 하신, 박철웅감독님... 각본까지 직접 쓰시다니.. Incredible!! 합니다.   우리가 늘상 다니던, 둔산, 은행동, 엑스포 다리, 대전역... 등이 너무 아름답게 담겨진 멋진 영화! 강추합니다"
190620,16860942,10,죽음을 어떻게 대할지에 대해 진지하게 생각해보게 됩니다. 젊은 사람도 늙은 사람도 모두 죽음을 앞두고 더 살기 바랍니다. 얼마나 더 살아야 우리는 죽음을 쉽게 맞이 할 수 있을까요? 죽음에 저항하기 보다 영화속에서 그랬던 것처럼 살아서 하고 싶은 것을 더 해보는게 좋지 않을까요??
190620,16860432,10,"영화 정말 좋았습니다, 박철웅 감독님의 꼼꼼한 연출이 좋았습니다. 주연인 반민정님의 연기 오랜만에 봅니다. 이번 영화 연기에 혼신을 다한 연기가 인상적이었습니다. 고 김수환 추기경님이 강연 때 늘 하시던 말씀이 생각나는 영화였습니다. 감독님, 스텝분들, 배우분들 모두 수고하셨습니다!"
190620,16856871,2,노잼 잠이오는 연기력 비추
190620,16849874,10,"피해갈 수 없는 죽음을 바라보며, 오히려 현재의 삶을 충실하고 의미있게 살아가라고 얘기하네요.흔한 카르페디엠 일 수 있지만 마지막 반전은 영화의 재미 ^^"
30012,16581711,10,대박  여자  아이 정말 잘낳게 생겼음
30012,15971621,10,20세기 내가 가장 사랑하는 두 영화중의 하나
30012,15182907,10,왜 재밌는지 모르게 재밌다. 특히나 자전거 데이트씬은 근래 보았던 어떤 최신멜로보다도 감동이었슴.
30012,13205336,7,나는 희극이 별로에요.
30012,10858593,10,"""말 없는 사나이""는 서부 영화 제목같고, ""아일랜드의 연풍""은 매우 진지한 로맨스 영화의 제목같다."
30012,10580174,1,내가본것중최악 시간아깝다
30012,10574355,10,\'아일랜드 기질\'이 뭔지를 확실히 보여주는 코미디. 아일랜드에 대한 감독의 애정이 뚝둑 묻어나는 듯...  원래 한국에는 \'아일랜드 연풍\'이란 제목으로 주말의 명화로 소개됨. 원제는 좀 의아하군...  quiet man이라니..
192623,17029437,10,진짜... 올해 본 영화 중에 단연 최고였습니다. 이런 영화가 많이 나왔으면 좋겠네요.
192623,17025320,10,우린 예쁘지도 못생기지도 않았다 화가났을뿐
192623,17013811,10,쉐임온유!!! 너무너무 잘 봤습니다
192623,17003934,10,
192623,16999717,10,약간은 뻔한 이야기라고 생각하고 거리를 두고 보다가 마지막에 너무나 아름답게 나이든 실제인물들의 모습을 보고 순간 울컥했다.
192623,16995063,9,"오늘도 직장에서 대타협의 상냥한 미소로 한 주를 마치고 퇴근했는데,,, 이 영화의 주제를 페미니즘, 여성해방, 인종차별 이런 부분에 포커스를 둘 수도 있겠지만, 사회와 인권, 개인존중에 대한 나의 자세나 문제의식, 변화의 노력 등을 돌아보는 방식으로 주제를 넓혀서 생각하게되네요. 별을 하나 뺀 것은, 일부러 그런 건지 운동가들의 한 두 대사가 그들의 주장과 매칭이 안되어서 뭐지 싶길래.. 넘 교훈적인 감상평인가 싶지만 문제의식이 필요하다는 결론. 행동의 방식은 각자의 선택,"
192623,16966430,10,유쾌하게 풀어낸 이야기 추천합니다.
192623,16956759,10,편하고 따뜻하고 유쾌하다
192623,16956306,10,
192623,16956138,10,망설임없이 말할수있어요 제 인생 영화입니다
181099,17022789,10,"냉정한 시대와 비대한 현실이 밀어낸 비정상적인 단절의 고통을 한올 한올 소중히 건져올린다. 인식의 불편함을 가져야만 역사의 전수도, 지나쳐버린 아픔을 치유할수 있는 최소한의 기회도 얻게되지 않을까.. 실향민2세대로 많은 공감과 인사이트가 있었습니다. 소중한 기록 남겨주셔서 감사합니다!"
181099,17022582,10,"실향민 3세기도 하고 평소에도 이런 문제에 관심 있던 사람이라 좋았어요. 실향민 3세인 손자가 할아버지를 생각하면 하는 감상도 제 생각과 동일했구요. 아직 돌아가시지는 않았는데 물어보고 싶은 게 많았는데, 막상 물어봐도 대답해주는 것 자체가 할아버지께서는 상당히 힘든 일일 것 같거든요. 그 일들을 겪으면서 기억을 떠올리는 게 어려운 일이니까...."
181099,16934951,10,코로나 19 시대는 쨉도 안되는 우리민족 강제 거리두기 자가격리 시대. 우리시대 야만시대 분단시대.
181099,16924490,8,"실향민 2세대의 눈으로 1세대 아버지의 이야기를 담았다. 통일을 향한 어떤 당위가 아닌, 세대를 이어 기억의 끈을 이어가려는 노력이 호소력을 갖는다. 경계를 허물고 바다로 가자."
181099,16922491,10,이 영화 제목이 바다로 가자니까 바다 구경하고 싶고 영화 재미있어요.
194007,17029424,2,아..이런것두 영화 라는 구나...첨  느껴보는 감정 이엿음.  보는 내내 쪼금 있음 잼있어지겟지?  잼있어 질거야 .. 끝나는  내내 기대만 한 작품 ㅋㅋ
194007,17017743,1,"오글거리는 대사, 주연부터 단역까지 도저히 못 봐줄 것 같은 연기. VOD 다시보기로 봤지만 돈이 아까운 영화."
194007,17016292,10,너무잼잇어요   박초롱님 배우가되셔서  좋은영화 나왓좋겟어요
194007,17012567,2,재미는 없지만 오랜만에 한국 로드 무비를 만나서 반가웠습니다.
194007,17012520,10,너무 재미있고 진정한 가족이라는 느낌과 가출을 한다면 워험한 세상이(?) 많다는 걸 더욱더 알게 되어서 좋았어요 진짜 가출하고 싶은 분들께 이 영화를 추천을 해보고 싶어요
194007,17006488,1,조오온나 노잼 이걸 왜보는지~~
194007,17005446,10,그냥 볼만했어요 그냥 볼만했다고
194007,17003418,10,
194007,17003081,4,아 이거 핵노잼이야
194007,17003056,4,더워서 차가운 물을 찾았더니 미지근한 숭늉만 있네
188030,16948992,8,풍광은 긍정적이고 이뻐요
188030,16942283,1,
188030,16897541,10,너무 아름답네요...
188030,16888656,10,"시각장애인의 입장으로서, 그리고 그 길을 동반하는 다희의 입장으로서 여러가지 감정과 공감을 느낄수 있었다. 영상이 너무 좋아 같이 산티아고를 걸으며 순례한 기분이다. 혼자 또 같이.. 인생에 대한 함축과도 같은 다큐멘터리. 조용한 날 혼자 보기 좋은 영화로 강추"
188030,16880675,9,돌은 죄가 없다. 그냥 그곳에 원래부터 있었다.쉽게만 살려고 하는 우리에게 산티아고길은 많은 깨닳음을 준다.
188030,16878558,6,한 번쯤 가보고 싶은 여정
188030,16878239,10,800km의 감동입니다
188030,16877853,10,
188030,16876626,8,
188030,16876123,10,너무 보고싶습니다.구입해서 보고싶은데 네이버 다음 등 어느 한 곳 아직 등록이 안되어있네요..언제쯤 구입할 수 있을까요
194344,17023176,10,다큐멘터리가 아닌 진짜 이야기여서 좋았습니다! 나에게 일어날 수 있는 이야기라서 감동이 있고 재미가 있어서 공감 100%! 뒷 이야기들도 궁금하네요!!
194344,17020849,1,평점 조절용 평점
194344,17020293,10,빠아끄~!보는 내내 집중해서보게되는 몰입감 좋네요
194344,17019707,10,학생인 저의 가슴 한켠을 뜨겁게 울리는듯 했습니다.모두들. 한번씩 꼭 보시기 바랍니다.
194344,17018285,10,젊은 청년들의 꿈을 그리는 영화네요 두근거림이 좋습니다
194344,17018284,10,너무재밌어요 꼭보세요
20324,16838104,10,"이 영화는 인디언 과 백인의 대결이나 정복자 피정복자...뭐 그런 사상이나 이념 그런 거 떠나서 그냥 하나의 서부극 영화로 봐야 함. 미 남부 배경이 멋있고, 마지막 영화 끝나기 전에 존 웨인이 홀로 등을 돌린 채 홀로 터벅터벅 걸어 가는 뒷모습이 아주 애절했던 기억...미 서부극의 수작임."
20324,16822000,9,보수주의자가 새로운 질서.첨 보는 세계에 직면할 때의 반응은?미국의 서부를 넘어 전 인류가 질문해 볼 주제.
20324,16791192,10,
20324,16126157,10,와~~~57년도에 한국서 개봉 했다면 나도 태어 나기 한참 전이네 ~ㅎ 존웨인 할아버지 나온영화 아니 명작이겠지? 지금 tv The Move방송에서 해주고 있네
20324,16115277,10,서부 영화 하면 떠오르는 영화는 수색자와 역마차(짱임)둘다 존포드의 영화...존 포드 이전에 존 포드 없고 존 포드 이후에 존 포드 없다(리얼)적어도 서부 영화라는 장르 자체에서는 그렇다.그러나 개인적으로 제일 좋아하는 서부 영화는 오케이 목장의 결투
20324,15910291,10,유일하게 재밌게 본 50년대 서부극. 애매한 수정주의는 약간 아쉽다
20324,15593044,10,"관람자를 압도하는 영상, 짧은 시간에도 선명한 로맨스와 유머, 부족함이 없는 완전한 인물들, 그리고 거대한 풍광을 담아내는 촬영은 기원에 가깝다. 반 세기를 넘는 현대성과 영상만큼 압도적인 존 웨인의 눈빛마저 모두 역사적이다."
20324,14724030,8,시간이 지나도 볼만하고 매력적인 대표 서부극. 여주인공들도 하나같이 이쁘다.
20324,14698992,7,존 포드의 걸작이라고 해서 봤는데 웅장한 서부를 배경으로 한 아름다운 장면을 빼면 그닥 건질게 없어 보인다.
20324,13946831,10,복잡한 이론 다 집어치고... 일단 재밌자나
56220,16715446,5,"애런과 스칼렛 말싸움, 앨런 정신사납게 더듬으면서 말하는 게 주를 이루는데 멀미 나올 지경이네 으으"
56220,15694997,9,역시 실망시키지 않는 이야기꾼 우디
56220,14795746,6,우디앨런 연기가 싫다.
56220,14158435,10,앤딩 뭔데 상큼함 ㅋㅋㅋ
56220,13583564,10,위대한 쇼맨 보고 휴잭맨 영화찾다가 스칼렛이랑 같이 나왔다길래 고민없이 바로봤음! 이남자는...정말 악역을 해도 이렇게 멋잇니..ㅜㅜ 스칼렛도 그렇고 둘다 풋풋한 모습보는 재미도있었고! 우디앨런 넘 웃김ㅋㅋㅋ
56220,13198550,10,재개봉으로 봤어요. 휴잭맨의 비쥬얼덕에 (심지어 젊은 시절의 휴잭맨이라니!!!) 악역인거 알면서도 사랑에 빠질수밖에요ㅎㅎ 우디엘런식의 유머는 정말 최고. 로맨틱코메디에서 넘나 자연스럽게 호러로 장르체인지 ㅋㅋ 미친듯이 웃으며 본 유쾌한 영화!!!
56220,13038329,9,즐거운 시간이었습니다
56220,12803887,5,우디앨런 영화라서 봤는데.. 재미는 있는데 그닥이네요~ ㅋㅋㅋ
56220,12795128,8,재개봉 영화지만 유쾌하게 다시봐도 좋은 우디앨런영화ㅎ
56220,12790922,6,우디앨런스러움이 뭔지 알게된 영화 슬픈 결말조차도 유쾌하게
187297,17027811,1,눈알 빠지는 cg는 엉성하고 시라이상은 서양판 착신아리 포스터처럼 생겨가지곤 포스도 없고 뭘 생각하고 만든 영화인지 모르겠다.
187297,17026191,1,시마이---1---
187297,17015913,4,시라이상 귀엽게 생겼음
187297,17008054,1,[안보는게 낫다] 라는  분... 무섭지 않으세요??? 영화의 내용은 [안보면 죽는다] 입니다... 난 봐서 살았는데.. 내 소중한 시간이 죽었습니다..ㅠㅠ
187297,17003477,2,저만 당할순 없다는 생각을 버리고솔직하게 쓰겠습니다 보는 도중에 졸림도 오고 런닝타임이 일년처럼 느껴졌습니다대단히 실망 했습니다 그래 15세니까..그런거라 좋게 생각하려 합니당 정신건강에 않좋으니까요 ㅠㅠ
187297,16998044,1,"그냥 ,, 정말 전형적인 일본느낌의 공포영화..귀신은 정말 웃겼다 .. 박나래씨가 맘먹고 분장하면 더 무서울듯하다.퀄리티도 높을듯 주인공 의문의1패의 정말 얼탱이 없는 최악의 결말.시라이는 꼭 피하시고 차라리 살아있다를 보겠소"
187297,16997718,1,내가 뭘 본건지 모르겠는 영화
187297,16993905,1,공포는 1도없고 시라이 나올 때마다 면상 땜 개웃었음 외계귀신인줄ㅋㅋㅋ
187297,16993695,1,그냥 총체적으로 답 안나옴
187297,16993202,7,스토리가 좀 더 있었다면 좋았을 텐데
184759,17024332,10,"다시 일어서기 위해 큰 용기로 버틴, 벅찬 준비과정"
184759,17003659,10,매우 감동적으로 보았다 눈물 쮤금 나고 매우 감동적
184759,16994142,6,소방관 ....정말 대단하신블들입니다
184759,16993114,10,소방관으로서 사람생명을 목숨걸고 구해내는 사명감이 너무자랑스럽고 듬직하네요 열심히살아가는모습이보여졌어요 영화추천!!!
194807,17033588,5,감동적입니다
194807,17015899,1,"박평식 평론가님에 동감하는데요..남성의 성욕을 주인공의 생명력으로, 성적행위 자체를 주인공의 갱생으로 묘사한 영화입니다. 영화에서 표현하려는 남성성이 거북했고 이로 인해 영화의 메세지가 빈약해졌다고 생각합니다.. 연기는 잘합니다."
194807,16977788,10,너무감동잼남돈안아까움
194807,16962228,10,"브레이킹베드를 보고 팬을했던 아론폴!연기 너무 찰지게잘하고 화내고 욕하는 캐릭터도 브레이킹베드때랑 쏙 닮았다ㅋㅋ 이 영화는 스토리보다 연기, 즉 주인공의 감정선을 지켜보는게 포인트인거 같다 잘봤다"
194807,16961661,8,
194807,16961295,8,"조커다음으로 오랜만에 집중해서 본영화 눈에 머가들어갔나,,,"
194807,16959248,10,감동에 감동을 더하네 .. 절대 돈 아깝지 않은 영화  100분 이란 시간이 날 반성하게 하고 날 깨우치게 하네요 .. 보세요 후회없어요 절대
194807,16958653,10,실화라는데 박평식 평론가라는새긔 어쨋든 발기? 니도 똑같이 당해봐라 인과응보
194807,16957093,10,재미와 감동을 한번에진짜 열심히 살도록 동기를 주는 영화네요!!♡꼭 다들 한 번 보시길~인생영화등극
194807,16955968,1,
182042,16988481,10,요 근래 본 영화 중 가장 좋았습니다. 인생의 모든 방향과 선택은 스스로가 해야한다는 것.. 길게 여운이 남을 것 같네요. 인생이 우릴 스쳐지나가는지 우리가 인생을 스쳐지나가고 있는 것인지 다시 한 번 고민하게 됩니다.
182042,16980651,10,
182042,16971154,8,불편한 설정없이 지루하지않은 잔잔한 연출..배우들의 내공있는 연기력..거기에 눈물샘은 덤...^^
182042,16917604,6,인생자체가 아무리 억만장자라 해도 건강을 잃으면전부를 잃는구나자식은 사랑으로 잘 돌봐줘야 한다.
182042,16915565,10,잔잔하게 느낌이 많은 영화네요.  생각외로 재밌게 보았네요
182042,16910942,10,자기 앞의 삶앞에 모두가 진실했다. 얼마든지 오해가 생길 법한 일인데 진실을 위해 한 번 더 묻고 오해가 풀리고.. 그렇게 삶은 우리를 감싸고 유유히 흘러간다.
182042,16899969,1,어이없는 스토리...
182042,16897584,10,"스며드는 스토리, 연기, 영상미"
182042,16896029,10,진심이 담긴 삶은 꼭 필요하다. 그리고 죽음은 누구에게나 두렵다.
182042,16893026,10,
146068,16952056,2,이 OO은 영화를 영화관에서 상영을 하다니깜댕이 참숯새끼들 개독교에 미쳐서 발광하는거 보니 없던 인종 차별이 생기는데 9점준 OO들은 뭐하는 새끼들이냐
146068,16907599,2,그냥 종교영화에 불과같이 간 사람들도 ㄱ 쓰레기 영상물이라고 평론을 내렸다.부정하지 말자
146068,16867423,10,
146068,16866104,10,할렐루야 ~살아계신 하나님을 찬양합니다.
146068,16755526,10,에메이징 그레이스..
146068,16566440,8,아무런 배경지식없이 그냥 갔는데 너무 졸다 왔음 ㅠ
146068,16551422,10,이건 꼭봐야 하는 명공연기록입니다
146068,16518398,9,
146068,16496387,10,광주극장에서 봤는데 신의 재능을 보았슺니다 홀리홀리~
146068,16495051,10,저 당시 분위기를 볼 기회가 없는데이렇게 영화를 통해서라도 잘 보고좋은 노래도 들을 수 있어서 너무 좋습니다~
10182,16921665,10,전설의 브루스 리!! 전설의 최고의 수작!@
10182,16881023,7,요즘 영화들보다 훨씬 재미있는 50-70년대 걸출한 영화들이 있다는 것을 고려하면 이소룡의 대표작들은 영화 자체의 퀄리티는 높지 않다. 그럼에도 영화사에서 이소룡이라는 인물 자체가 갖는 의미가 커서 소장가치가 있는 몇편의 영화들이 있는데 이 영화는 게중 가장 중요하다.
10182,16794683,9,지하감옥과 거울방에서 형님이 펼치는 액션은.. 모든 소년들의 로망이다!
10182,16778627,7,"윌리암스는 가라데선수가 아니라 태권도 입니다!도장에서 사범이 한국말로 ""두번지르기"" 나오잖아요~"
10182,16757830,7,"연출의 깊이도 편집도 들쭉날쭉, 어떤 부분은 놀랍도록 정교하고, 어디는 말도 안 되게 서투르고. 일관되게 혀를 내두르게 하는 건 단지 이소룡의 액션과 지나치게 진지해도 빠져들게 만드는 연기."
10182,16529164,10,싱하형의 원본이 된 영화였다니....
10182,16444508,10, 그의 혼신이 담긴 표정연기만으로 1000점
10182,16254929,10,"내가 죽을 때까지 이소룡의 반 정도라도 되는 배우를 볼 수 있을까? 내 나이 50. 50년을 살아도 못 봤으니, 앞으로 50년을 산다고 해도 보지 못할 것이다. 전설 중의 전설."
10182,15532829,10,거울방 장면은 지금봐도 숨막히는 명장면임 요즘 영화처럼 화려하진 않지만 투박하면서도 몰입도가 대단함
10182,15296202,10,굿입니다요 굿굿굿요!
190223,17020853,1,부당한 평점 조절용 평점
190223,17009785,10,
190223,16996431,10,이런분들때문에 조금씩이라도 인간이 좋은방향으로 변화하고 노력해나갈수 있는거곘죠...
190223,16989524,10,"우리나라를 비롯한 전세계 종교인들이 마음에 새겨야할 길라잡이 삶이니 필수 관람들 하시고, 제발 자각들 하시길 기도 드립니다."
190223,16978218,10,많은 사람들의 삶에 안식이 된 분 이태석 신부님을 추모합니다.
190223,16928041,10,선한 영향력이란 의미가 무엇인지 깨닫게 해주는 다큐멘터리. 종교와 한 인간의 육신의 한계를 뛰어넘은 이타적인 삶의 지향점을 몸소 실천하고 떠난 이를 기리고 있다.
190223,16895693,10,책을읽다가 영화도 찾아보게 되었어요목이 아퍼서 침대에만 누워있는데 순싯간에 책이 읽히더라고요신부님 존경합니다
190223,16895261,6,10주년이라 많이 기대하고 봤는데..  그냥 예전에 찍은 영상들 짜집기... 10년후 돌아가신 이태석신부님이 이루어놓으시고 현재의 상황들도 좀 포커스해주셨으면...어머님은어떻게지내는지.. 가족들의 인터뷰. 한국따라의사가된 흑인친구의삶.등등.. 이태석신부님사랑하는데 2는 너무 짜집기영상이라는생각밖에는...자막도없고..허술...
190223,16828033,10,많이 울었습니다. 가장 가난한 자들에게 한 것이 나에게 한 것이다...예수님의 말씀을 잊지않을게요.
190223,16790624,9,\'공평하신 하나님\'... 맞죠...?ㅜㅠ;;;
189028,17032780,8,영화에서 만들어낸 긴장감 만은 최고임
189028,17032295,10,프랑스 영화처음봤는데 손에 땀이날정도로 긴장감있게 잘봣어요
189028,17025959,10,이거보고 강철비2보다가 눈썩는줄
189028,17025646,10,긴장감을 놓을 수 없던 영화
189028,17025524,8,프랑스 영화의 독특함 과 섬세함을 알 수 있다  사운드 와 촬영감각이 돋보이는 영화로써 걸작 헐리우드영화 보다는 분명 다양한 면에서는 부족함이 보이지만 그렇다고 재미없거나 비감동적이라고 말 할 수도 없는 뭔가 부족하지만 - 여운이 강하게 남는 프랑스 문화만의 개성은 분명하다
189028,17024520,9,초반은 지루하나 중반부터 꿀잼
189028,17023252,10,"인물의 내적갈등, 음향 으로인해 마치 잠수함에 탄기분.... 여운이 많이 남습니다 꼭 보세요"
189028,17023188,10,영웅주의적 미국 잠수함영화보다 더 오래 기억될 프랑스산 잠수함 영화..
189028,17022879,8,신선한 스릴러간단요약줄거리 집안싸움
189028,17022269,6,재밌는데 주인공이 좀 OO같음델타구역 화재날때 자는줄;
182387,17032465,10,내 인생 최고의 영화... 영화관에서 이렇게 많이 본 영화는 처음임... 희애언니한테 제대로 입덕하게 된 작품... 필름 카메라도 샀음... 굿즈도... 다 삼... 말이 필요없음...
182387,17026864,10,
182387,17026863,10,스토리 연출 연기 연상미 모두 짱
182387,17019287,10,
182387,17015151,10,이 사회에 얼마나 많은 윤희가 있었을까..?
182387,17007842,10,시나리오와 메이킹북 마저 재미있었던
182387,16997173,10,
182387,16997010,10,
182387,16996383,10,왜인지 가슴이 아려오는 대사들이 많아요 몇 번을 봐도
182387,16995436,10,추신. 나도 니꿈을 꿔..
10566,17015243,7,ㅋㅋ너무 막장이라 재미있었다 ㅋㅋ 라이프라는 영화보고 제임스딘이라는 배우가 궁금해서 봤는데 ㅋ전학온지 하루만에 도대체 무슨일이 벌어지는거야
10566,16949010,9,10대에게 고전영화를 추천한다면
10566,16913582,8,청춘물의 기본적인 교과서 같은 영화
10566,16905201,9,"영화를 보며 나도 모르게 플래토를 경멸했던 모습에, 결국은 나도 플래토를 혼자 둔 것과 다를 게 없다는 생각에 깊이 빠진다. 혼란스러움 속에서 주디와 레이를 만나 성장해가던 짐의 따스하고 진지한 생각과 주디의 성장이 돋보이는 영화였다. 라라랜드를 보면서 l got the bullet 이라는 명대사가 어떤 장면에서 나온 것이었는지 항상 궁금했는데, 그 배경을 알고 나니 이제는 단지 애처롭게만 보이는 명대사."
10566,16818525,10,"숙제처럼 미뤄두었던 왕년의 명화를 감상함. 요절한 제임스 딘, 나탈리 우드의 매력, 연기, 65년전의 영화라고 믿기 어려운 연출 등 오랜만에 큰 감동을 느낀다."
10566,16759983,10,
10566,16601700,10,고전영화의 진가를 보여주는 작품이다.
10566,15155189,10,이유없는 반항을보고 이유없는 반항은 없다는걸 알았다...제임스딘의 연기도 훌륭하지만 다른이들의 연기또한 꼭 필요했던..없으면 안될..정말 ..잘봤습니다 감독님.
10566,14851294,1,그냥 제임스 딘의 매력과 눈빛이 다한 영화
10566,14732606,6,솔직히 난 진짜 잘 모르겠다. 옛날 영화의 감성과 제임스 딘의 외모와 특이한 스토리(?) 때문에 너프된게 너무 심하다. 명작은 절대 아니다 진짜
185136,17011264,10,
185136,17008490,10,한국영화재미있어요하고싶어요안될까요제발보내드립니다네예
185136,16948223,1,보다가 꿀잠자고 내용 뭔가해서 다시보다가 또 잠 ㄷㄷ 내 주말. . .
185136,16900863,1,실력 쥐뿔없는 감독중의 감독 그냥  헤헤 웃으며 기생하며 사는 족속
185136,16888175,2,하.  진짜 재미없네. 내 시간
185136,16886094,5,큰 내용없고 그냥 시원한 바다와 서핑타고 싶게 만드는게 다인듯
185136,16877877,5,죽도 홍보 영상? 영화도 드라마도 아니고 그렇다고 다큐멘터리도 아닌....
185136,16873783,1,TV드라마 스페셜보다 못한 영화.... 감독은  도대체 뭘 말하고 싶은걸까? 총체적난국...
185136,16873282,1,낭비다 돈낭비 인력낭비
185136,16872199,1,"뭐가 이리 어설프고, 전달하려는 내용이 뭔지? 오늘만 사는 파도 위 서퍼들처럼 그냥 서핑이 좋아서 시나리도도 없이 만든 영화같음. 웬만한 독립영화보다 내용이 없음. 완성도를 위해 껴 넣은 출연 배우들 때문에 더 민망함"
190616,17025232,10,우순피디님 잘생겼어용ㅎ
190616,16960653,10,김우순 사랑해요ㅠㅠㅠ
190616,16884332,4,창은아  나보다 형같아 보이는데 니가무슨 막내야 형38살이다
190616,16796278,10,"지금 사회를 살아가는 청춘들이 한번쯤 느껴봤을 법한 감정들을 많이 느낄 수 있었어요.덕분에 영화 보며 뭉클했던 순간들이 많았네요.영화에 나온 배우들, 특히 주인공 역할 맡은 배우가 참 인상깊어서다른 작품도 기대되게 만들어주더라고요!남들에게 말하지 못했던 나의 어린 시절을 되돌아보고 싶으신 분들에게 강추하는 영화입니다."
190616,16791378,9,시놉시스를 보고 막내아들로서 공감대를 이르키게 하여 봤는데 생활연기가 굉장히 호감이었다!
190616,16726700,8,스토리와 연출에서 어설픔이 느껴지지만 그 안에 담긴 진심이 느껴지는 영화였습니다. 앞으로도 좋은 작품 만드셨으면 좋겠네요.
190616,16726277,8,자신의 위치나 처지에 따라 이영화가 주는 의미는 다양하게 다가올 것 같다. 열심히 살아 보려는 창은에게 가족들은 걸림돌 이었을까. ? ... 돌이켜보면 가족이란 울타리에서 당연한 대가를 바라며 살고 있진 않은지 혹은 그랬는지 돌아보게 되는 영화. 감명깊게 봤습니다 .
190616,16680997,10,이것은 연기인가 실제인가 모를정도.감독의 의도를 알듯 모를듯 무섭게 파고드는 현실감 개쩌는 코메디.제정신이 반드시 아닌 사람들이 만든거다 이건.그저 미쳤다는 말밖에 안나온다.고봉수를 제낀다 확실히.
190616,16673875,10,살아생전 이런 영화 처음 봅니다. 사는게 재미없고 팍팍하신 분 강추합니다. 주의)배꼽을 분실하실 수 있습니다.
194661,17026159,7,줄거리를 잘 이끌고 가다가 이상한 반전으로 느껴지는건 개연성이 부족해서 일거다. 괜찮은 전개와 인물구성인데 아쉽다.
194661,17015480,6,"양춘배, 양춘배! 테우리가 되고싶었던 남자"
194661,16997118,10,"마지막에 주인공이 죽음을 선택했다면, 보다 원만하게 상황이 정리되었을 것이다. 그냥 살아남기로 결정했기에, 남은 날들은 이제 전보다 더 죽음과 같을  것이다. 이 영화의 내용, 특히 그 흐름과 결말에 동의하지 않으면서도 내가 10점을 남기는 이유는 인간으로서, 나 역시 그 상황이라면 결국엔 살아남는 것을 택하지 않을까 하는 마음 때문이다."
194661,16993225,2,진짜 이런걸 왜 만들까 ㅡㅡ 이해가 안가네
194661,16991639,10,재미있게 잘보았습니다..
194661,16990177,2,재미없다.
194661,16990047,4,작은 접시에 너무나 많은 것을 담으려했네요. 웃음도 감동도 반전도 그다지 ...
194661,16988970,5,여전히 지속되는 감추려는 자들과 밝히려는 자들과의 대결
194661,16988174,6,"기대않고 봤는데, 배우들의 연기가 자연스럽습니다. 짱구의 연기가 제일 어색합니다."
194661,16986819,3,"그냥 보기가 힘들었다,,"
183658,16825947,7,브에나 비스타 쇼셜클러 외전
183658,16820785,1,개노잼  영화에 쓴 내돈이 아까움
183658,16819221,10,모든 음악은 하나의 길로 통한다.
189123,16999290,10,ㅋㅋ 정가영 초코파이설
189123,16863578,10,팬이에요 역시나 좋았어요 근데 항상 ost 가 좋았었는데 요번엔 없어서 아쉬웠어요 !
189123,16862579,10,재밌었어요
189123,16861459,6,"정가영 감독만 할 수 있는 영화. 누가 따라 할래도 할 수 없다. 앞으로도 쭉 감독님이 하고 싶은 이야기 해나갔으면 좋겠다. 유니크하고, 좋아하는 사람들은 좋아할 영화를.."
189123,16850321,10,정가영 최고 ㅎㅎ 엄마 나 좋아하는 사람이랑 뽀뽀하고 싶은 사람이 달라 !! ㅋㅋㅋ
189123,16847543,10,이석형 배우 연기 진짜 너무 좋다 꿈의제인 때 알게됐는데 진짜 너무 연기 좋다
189123,16839277,3,넘 지루하고 재미가 없다  70분이길 망정이지
189123,16821768,10,나는 내 섬에서 혼자 있는데. 그 사람 기다리면서.
189123,16821413,10,"정가영은 사랑에 있어서 솔직하고 매우 주체적이다. 나는, 줄곧 그래왔지만, 앞으로 정가영이 무얼하든 끝까지 응원하기로 했다. 계속 정가영의 영화를 보고 싶다."
189123,16819564,6,이미지보다 말이 많은 영화. 대사들을 어떻게 이렇게 잘 쓰고 잘 말할 수 있을까.
69952,17028114,10,
69952,16998566,10,"봄이 오니 꽃이 피고, 비가 내리니 사랑이 돌아오고"
69952,16961776,9,한중합작을 떠나서 짜임새 있게 잘 만들어진 멜로 영화
69952,16901639,10,주연 :  호날두조연 : 동생들
69952,16805611,10,정말 재밌어야 한번 더 보는 내가 5번 본 영화. 고원원 세상에서 제일 예쁜여자.
69952,16728584,7,잔잔하고 현실성있음...
69952,16590491,10,잔잔히..아련히..이따금씩 생각나는 영화입니다 :)
69952,16548864,10,아름다운 수채화 같은 한폭의 그림을 보는 것 같았음
69952,16543632,8,처음부터 다시 한 걸음씩
69952,16493356,10,우리형 호날두..화이팅~
186347,17031517,10,
186347,17023014,10,다시 보고싶은 영화. 그림 색감도 너무 이쁘고 표현력이 너무 뛰여나요. 슬프기도 하며 애잔하기도 하며 참 재밋게 봣어요
186347,17022588,8,"너무 고마워, 항상 사랑해, 우리의 마로나."
186347,17006551,10,아무런 정보 없이 봤는데 정말 좋았어요. 구석구석 참신하면서도 아름다운 표현들이 많아서 눈을 뗄 수가 없어요. 너무 난해하지도 않고 또 너무 뻔한 감동스토리도 아니예요. 음악도 참 좋네요.
186347,17002555,10,영상미가 너무 신선하고 좋았고 보고나서도 한동안 계속 생각나는 영화였습니다
186347,16989578,10,첫 장면부터 울 수밖에 없었음
186347,16981611,10,연출과 연기 그리고 스토리가 젛았다.
186347,16979973,10,네가 나를 만나서 행복했었다면 좋겠다
186347,16975540,10,"다시 보고 싶은, 소장하고 싶은 영화!"
186347,16975466,10,"내 사람의 냄새, 한번의 손길, 새근새근한 숨소리만 있으면 더 이상 바랄 것이 없는 마로나. 꿈속에서는 매일 같은 하루가 계속되길."
180378,17033706,10,이런 영화 고구마라서 안좋아하는데 사건 진행도 시원시원하고 재밌었어요 신혜선님 연기 짱잘해~~
180378,17033613,10,재밌다 신혜선 연기가 대박이다. 엄청 몰입함
180378,17033416,10,아 진짜 슬프음ㅠㅠㅜㅜ
180378,17033127,10,재밋네요 속이다  시원허네 사이다
180378,17032931,8,
180378,17032570,10,재밌었어요. 다들 연기력이 좋아서 집중해서봤습니다.
180378,17032062,2,이게 영화라니 진짜 내용도없고 눈물 짜내기영화인데 그것도못함 감독이 어려운일 없이큰사람
180378,17031963,10,배종옥님 연기 존잘좀 신혜선 연기 OO아쉬움 연출 스토리 굿
180378,17031847,8,신혜선님 연기 너무 좋았습니다 반전도 좋았구 그런데 검사님이 악역 같은 느낌을 줄려고 그런건지는 모르겠는데 나오면 뭔가 집중이 떨어집니다
180378,17031529,9,
173998,15478718,9,진주누나 졸라이쁜데;; 요즘 진주누나씬만 오려붙이는중
173998,14032421,2,물체가 움직이거나 어떤 일이 진행되는 빠르기
173998,14014578,9,진주는 언제봐도 맛나보임!!!
173998,14013641,10,근친시리즈는 계속된다.!
173998,14013437,10,"난 나름 좋아는데, 한번 보세욬ㅋㅋㅋ"
173998,14002494,1,배우가어지간히없나보다똑같은배우가제목만다르게해서사골로끊임없이출연하네
41554,17007393,8,어른이 되길 원하지 않았지만 어른이 될 수 밖에 없었던 그들. 어떻게든 도망쳐봤지만 삶은 더 무겁게 받아들이라 말할뿐.피하지 않고 어른이 되기로 결심한 순간 터져 나오는 눈물은 아름답다.
41554,16703197,8,잊어버리기 힘든 불쌍하고 한심한 인생
41554,16621251,9,*\'부르노\'와 \'소냐\' 의 마지막 억눌렸던 감정의 카타르시스는 아이가 어른이 되기 위한 성장의 걸음마가 되었을 것이다.
41554,15891808,8," 어쩜 단 한번에 일탈도 벗어남도 없는 다르덴 식 영화. 소외,궁핍이라는 다르덴의 주메뉴에  어느날 무방비로 부모가 되어 버린  철없는 어린연인을 부메뉴로 한다. 시종 보는 내내 연민과 안타까움을.. 다르덴형제는 이번에도 어김없이 조용히 종용한다."
41554,15811385,10,아... 역시 다르덴.  가슴을 저미게 만든다.
41554,15795859,8,둘이서 머리를 감싸안고 울부짖으면서 끝나는 마지막장면이 참 좋네요
41554,13196915,7,다르덴 감독의 연출 스타일을 좋아하지만 이번꺼는 소재가 너무 극단적임. 그래도 몰입감있게 계속 보게됨.
41554,10802920,9,"어떻게 살아가야 하는지 알 수는 없지만,"
41554,10370949,8,다르덴 형제 식 성장기.
41554,10328466,9,"그래, 그렇게 아프더라도 커 가면 되는 거야, 더구나 이쁜 아내에 사랑스런 아들도 있구만!"
78726,17025213,10,"탄탄한 스토리에 빠른전개, 주연을 맡아주신 배테랑 연기자분들의 실감나는 연기때문에 두시간이 금방갔어요몇년만에 다시봤는데 두번봐도 재밌는 영화입니다 굿굿 !! 여운이 남네요"
78726,17024506,8,오락 영화로는 참 좋았다 다만 주 조연 배우분들의 이름이 컸던 탓인가 웨이홍의 역할이 너무 저조했다
78726,16992117,9,이영화 평점이 왜이리 낮은지 이해가 않돼네요. 영화 정말 재미있게 잘봤는데....
78726,16992110,10,요즘 영화랑 비교해도 완벽그자체
78726,16992077,10,꿀잼 언제봐도 꿀잼 ㅠㅠ
78726,16992027,8,보면서 오션스가 떠올랐지만 스토리보다 배우들의 힘이지 않을까싶다 무명배우들이 했으면재미1도 없는 영화이었을듯 반은 전지현이 다함
78726,16976581,10,
78726,16957874,10,전지현 김혜수 보려고 세번째 보는 중사랑해요 예니콜
78726,16957809,10,영화란 보고 웃을수 있다면 좋아요.거기다 스토리탄탄에 배우들의 연기까지 훌륭한 이영화 최고
78726,16953270,10,
162816,17033089,10,
162816,15927717,10,볼거리도 풍성하고 넘버들도 참 좋네요! 뮤지컬 보러 가고 싶어요~
162816,14574225,7,익살스럽고 사랑스럽다ㅋㅋ 그리고 생각지못한 반가운 얼굴들을 봐서 더 좋은ㅋㅋ
162816,13897559,10,천연덕스러운 연기 너무 웃겨요ㅋㅋ 첫 넘버랑 크리스마스 기간에 정신없이 물건파는 넘버가 제일 좋았어요! 인형의 집처럼 건물이 열리고 닫히면서 배경이 되는 것도 흥미롭네요. 암전이 많긴 하지만 사랑스러운 극 잘 보았습니다
162816,13884916,10,재밌게 봤어요ㅋㅋㅋ 추천
162816,13876463,10,시간가는 줄 모르고 봤다
162816,13876357,10,너무 재밌어요ㅜㅜ 꼭 보세요!
162816,13874028,10,오랫만에 벅찬 감동의 향연이었습니다.
162816,13191059,10,다운받아 보았지만 정말 최고다
162816,13052970,10,여기서 보는 것도 웅장한데 직접가서보는건 어떨까
10086,17032834,10,내가 본 감동적인 영화 중 하나입니다. 특히 가톨릭을 종교로 하는 분 뿐만 아니라 인간적인 내용을 많이 담고 있고 수준 높은 영화입니다.
10086,17021031,10,OST가 최고에요
10086,17020460,10,너무 재미있고 신부가 폭포를 올라가는 모습이 멋지다
10086,17019621,4,"많이 기대했고, 로버트드니로가 용서받는 장면에선 같이 울뻔했음그러나 중간부분 쓸데없이 늘어지는 장면이 있어서 아쉬웠다.원래 7점정도 줄랬는데 관객평이 미chin 개독들이 날뛰는게 열받아서 4점줌.  비개독입장에서 평론가들이 말하는 자기중심적인 기독교세계관은 여기 댓글들 보면 다시 한번 알수있겠네"
10086,17015770,10,오늘 영화관에서 봄. 첫 시작부터 하이라이트임. 근데 왜 굳이 굳이 폭포를 거슬러 고난의 행군을 해서 가야하는지에 대한 의문. 로버트 드니로 연기 감동. 리암 니슨의 청년 모습도 재미가 쏠쏠. 엔니오 모리꼬네 영원히 기억할게요.
10086,17015215,10,"빛은 어둠을 이기지 못한다, 빛을 내는 사람이고 싶네요... 폭력과 비폭력... 너무 어려운 문제라 생각을 많이 하게 되었어요 우리 모두 남에게 피해를 주지 않는 선에서 행복하길..."
10086,17007531,2,전쟁과 종교는 같다...전쟁은 무력으로 인간을 지배하고...종교는 신념으로 인간을 지배한다...목적은 인간 지배이다..인간 지배의 정당성을 신과 특정인물에게 찾으면 종교요...인간 그 자체에서 찾으면 전쟁이다...
10086,17000335,10,
10086,16999676,6,"영화에서 원주민을 대하는 인식이 아쉬워요. 자신의 운명을 남에게 맡기는정도가 아니라 운명이 어떻게 되는지조차 모르는 피동적인 존재로 묘사했네요. 차라리 가브리엘 신부 이전 포교자들을 폭포에 던져버리던 원주민들이 자신의 운명에 더 적극적이었는데, 천주교가 이들을 더 피동적으로 만들어버렸다는 것인지, 아니면 그냥 끝까지 연출자의 인식이 원주민들은 미개한 존재에 머물러있다는것인지 모르겠네요..."
10086,16997864,10,인간의선과 욕망을 대비해서 잘그려준 많은것을 생각하게해준 대명작입니다. 감독님과 배우님들께 깊이 감사드리네요
155123,16991702,10,너무 너무 행복합니다 즐거운시간 감사합니다
155123,16958461,10,여전한 강동
155123,16957605,8,여주 연기랑 노래 잘부르네..  귀호강
155123,16947367,10,2011년도인가 미스사이공 국내편 봤는데 그땐 그냥 볼만한 정도였습니다. 근데 이건 장면장면 소름이 돋았습니다. 아 이게 뮤지컬이구나! 여주 연기 장난아닙니다. 음악도 너무 좋구요 베트남장교 한국사람같아서 검색해보니 맞네요. 연기 너무 좋습니다. 이제 다른 뮤지컬 어찌보나요 ㅜ
155123,16943421,9,우와...연기랑 음악이랑 완전~~다~~좋아요마지막엔 너무 빠져서 눈물이 ㅠㅠ무대에서 꼭 다시 보고 싶네요.
155123,16927821,10,남주 여주 모두 좋았다 ㅠㅠ 게다가 홍광호 배우님 ㅠㅠㅠ 정말 강렬했다 최고!
155123,16927690,10,"대충 알고만 있었던 미스 사이공을 홍광호 배우님 덕에 영화로 봤습니다. 제가 살면서 본 뮤지컬 영화중에 손에 꼽힐 것 같아요 실제 영국 웨스트엔드에서 관객들과 함께 울고웃는 기분을 받았고 마지막 갈라쇼까지 함박웃음 지으면서 봤어요... 배우들,연출,넘버 모두 왜 이 작품이 4대뮤지컬 중 하나인지 보여줄만큼 2시간 50분내내 눈과 귀가 황홀했습니다.. 역시 홍광호님 명불허전이며 잊지못할 작품이 될것같네요."
155123,16918786,10,아직까지도 생각납니다
155123,16855188,10,미리보기 영상에 킴역의 에바노블자다 목소리 듣고 단번에 다운받아서 봄.... 보는 내내 사로잡혀서 봄....
155123,16824845,10,
10489,16958356,10,
10489,16957697,10,제대로 된  공포 스릴러를 보고 싶다면 이 미저리와 잭 니콜슨의 사인 추천합니다 진짜 후회안하십니다
10489,16949959,9,캐시 베이츠의 경이로운 연기와 그걸 받아주는 제임스 칸의 연기력을롭 라이너가 잘 살려 낸다. 나온지 30년 됐다는게 놀라울 뿐.
10489,16949078,10,
10489,16942816,8,등장인물은 극히 적고 공간도 한정적이지만 작가와 작가의 \'세계를 파괴하려는 자\' 사이의 긴장감은 무엇도 뒤덮는다. 인격의 싸움으로 보든 본성의 표출로 보든 그녀는 진짜 같았다.
10489,16936784,10,존잘님하고 캐해석이 다를때부터 지옥시작ㅋㅋ
10489,16923595,10,
10489,16892658,10,결말을 다 알고봤는데도 진짜 무서운 영화케시 베이츠의 연기력은 진짜 두말할것도 없다
10489,16885929,10,명작은 영원히 빛난다.
10489,16885525,10,옛날 영화지만 세월을 거스르는 명작. 여배우의 연기가 대단하다. 아직도 미저리같은 이라는 말이 쓰이는 걸 보면 신기하고 대단하다.
27219,16985271,10,이 시대의 김영호들이 빈곤으로 추락하고 고독사 많이 하고 있죠.
27219,16983799,9,인생에는 정답미 없습니다. 인생의 맞은 답을 해도 후회하면서 틀린 답으로 가죠..
27219,16969041,7,사장님 아아~~ 사장님
27219,16965027,6,다시 돌아가고 싶지않다. 요즘 워낙에 좋은 영화들이 많아서 그런지....내겐 별로 크게 공감 되지도 않았다. 나이들어 감상하면 뭐가 달라질꺼란 내 기대감이 사라지고....대신...저 당시에 발연기 하던 연기자들이 지금은 넘사벽 연기자가 되어서 날 웃기고 울린거에 만족한다.
27219,16958986,1,이게 왜 9점인대인지...그렇다고 1점은 아니지만 좀 깍자 보는내내 역겹고 고문관 주인공도 답답하고 그저 5.18운동 정치적인 얘기 들어가면 영화 평점 높아지네 참...
27219,16947913,10,재미있게 잘 보았습니다
27219,16927153,10,진흙탕이 되어 버린 세상 속에서도 영호 마음 한편에 남아있던 박하사탕
27219,16923507,1,주인공이 이해가 안되는건 아닌데 그러게 왜 총 다루는법도 모르면서 겨냥하고 쏘냐
27219,16918168,10,"그렇다, 김영호는 나쁜 인간이다. 근데 착한 인간이라는 것을 정의하기에는 너무 복잡하다. 물론, 그가 한 행동은 정당화 될 수는 없다. 하지만 이 영화는 그저 쓰레기 같은 인간의 인생을 거꾸로 보여주기보다는 우리의 인생을 돌이켜보고 우리의 비극적인 역사를 바라보게 만드는 뜻이 더 깊은 영화인 것 같다."
27219,16904048,10,볼때마다 놀라게 되는 한국 최고의 영화!
35180,17003248,7,"그에게 온 운명, 그리고 선택"
35180,16994865,10,그 슬픔을 어떻게 하나의 감정으로만 설명 할 수 있을까. 주인공의 뒤를 지독하게 따라가던 카메라가 주인공의 앞을 비추며 말 없이 끝나는 엔딩의 전율.
35180,16837717,7,약한 자일수록 상대를 용서하지 못한다.용서한다는 것은 강하다는 증거이다.
35180,16788455,9,끓어오르는 분노 속에 애틋한 마음. 결국 용서 아닌 용서를 한 남자.
35180,16774704,8,"완전한 용서도, 사과도, 화해도 없는 공존."
35180,16750934,9,
35180,16735486,10,하나의 감정도 쉽게 이해할 수 없으나 하나의 감정도 억지가 없다. 비약과 억지 감상으로 버무려진 영화와는 비교할 수 없는 깊이가 있다.
35180,16696675,10,감상적 입양이 아닌 윤리적 입양을 모색하는 영화
35180,16601963,10,오늘부터 다르덴 감독님들 팬임
35180,16441538,7,"이런 독립영화 티 팍팍 나는 거 진짜 절대, 기필코 거르는데 다르덴만은 유일하게 예외다."
32588,16996675,10,"제 최애영화예요넘버원 베스트오브더베스트 영화영상미최고O.s.t최고오드리 토투 넘 예쁘고,스토리도 좋고얀티에르센너무 좋아해요이사람 음악은 믿고듣죠"
32588,16945668,8,너무매력적또고복싶다이다
32588,16945635,9,아멜리에의 영원한 행복을 위하며~~~
32588,16918872,9,다른 사람을 적극적으로 돕는 것은 좋은 일이다. 멋진 세상이 되니까. 그런데 내가 불행해지면 아무 소용 없다. 내 행복 또한 적극적으로 찾을 의무가 있다.
32588,16917994,9,
32588,16913528,10,나이들어  다시  보니  대사 하나하나가  마음에 와닿네요.
32588,16913522,10,아름답고 사랑스러운 아밀리에 나도 언젠간 사랑을 하길~~♡
32588,16911121,10,아멜리아가 너무 사랑스럽다...가슴이 볼링공 만한 여자들보다 섹시함...
32588,16897936,10,인생영화.
32588,16895337,10,자신만의 세상을 고집하기보다는 가끔 벽을 허물고 세상과 소통하는게 행복.
10037,16986852,8,SF물의 레전드. 개봉당시 최고의 영화였음
10037,16956009,8,지금 보니 당연히 배경이나 기술력 연기들 오그라들지만 그 당시엔 대단한 시도였을 듯 제일 감명깊었던 연기는 고양이 동공지진씬. 저렇게 연출을 할 생각을 했다니 너무 재밌음 ㅎㅎ
10037,16954594,10,지금까지 제목에 에이리언이 들어가는 제목의 영화는 모두 이 영화때문이다
10037,16951944,8,"70년대,스타워즈의 대척점에서 sf신화를 발아시킨 시리즈의 시작. 아름다움과 잔혹함이라는 치명적인 매력을 가진 영화의 외계생물은 그 자체로 찬사를 받을만하다."
10037,16946959,9,"미지의 존재에 대한 인간의 호기심과 두려움, 그리고 생존을 위한 사투. 과학 기술의 발달과 외계 괴물의 원초적 생명력이 극명하게 대비되어 이 영화의 서스펜스를 형성한다. 폐쇄된 공간에서의 공포를 건조하고 절제된 방식으로 연출하는 리들리 스콧의 솜씨는 지금 봐도 탁월하다. 특히 정교한 미장센과 사운드가 영화적 완성도를 한껏 높인다. 또한, 보이지 않는 죽음의 위협 앞에서 나약함과 강인함을 오가며 집중력을 잃지 않는 시고니 위버의 연기는 헐리웃 여전사 아이콘의 탄생을 알리기에 충분하다. 이 영화를 숙주 삼아 오늘날까지 수많은 아류작이 양산되었다. 명실공히 \'SF 호러물\'의 신기원을 연 기념비적 작품."
10037,16939918,10,"국민학교 4학년 즈음에 교실에 비치된 좀 어른스런 잡지가 하나 있었는데, 그 내용중에 에이리언1을 다룬 몇장이 있었던걸로 기억난다. 그때는 이해하지 못했지만, 40살인 지금까지 몇번의 정주행과, TV 에서 중간중간 방영되는 걸 감상했음에도 그 내용은 질리지가 않는다. 한가지 아쉬은 건, 지금에 감상할때의 느껴지는 긴장감이, 이 영화를 첫번째로 감상할때의 그 긴장감에 그게 미치치 못한다는거. 아마 내용을 알고 보니 그럴것이다."
10037,16920370,10,이게 무섭고 재미있는데... 무서운게 에이리언이 징그럽고 갑자기 나올 때 무섭다...
10037,16919115,10,
10037,16903252,10,와 진심미쳤다. 영화보는내내 이게 79년도작이란걸 도저히 믿지못함 ㄷㄷ 진짜 개쩌는 영화 스타워즈보다 더충격적임 ㄷㄷ와..
10037,16897181,10,"시대를 떠나서 이런 영화를 제작할 수 있다는건 축복이며 찬사를 보내도 아깝지 않다고 생각합니다. 감독님의 천재성과 노력, 창의성을 칭찬하고 싶고, 주인공인 시고니 위버는 제 인생에서 잊을 수 없는 연기와 실력을 보여준 사람이라는건 확실하니까요. 미지의 우주에서 이런일들이 발생할 수도 있지 않을까?라는 호기심과 두려움, 공포를 잘 표현해준거 같아요. 우주에 대한 경각심을 가질 필요가 있다고 생각하니까요. 이 영화 훌륭해요. 재밌게 잘 봤습니다."
10038,17029249,10,방금 다시 봤지만 살면서 이렇게 재미난 공포액션 영화가 있을가 싶네요. 86년도 영화라는게 믿기지가 않네요.
10038,17018246,10,이보다 더 잘만든 영화 몇편없을거같다~
10038,17016301,10,내 기준 20세기 SF 영화 중 최고의 영화.
10038,17008478,10,"스타워즈,인디아나존스,터미네이터,에이리언,백투더퓨처 시리즈를 그 시절에 볼 수 있었다는 건 내 인생의 축복."
10038,17002651,10,원작을 뛰어넘은 속편은 대부와 에일리언 2개뿐임
10038,16999384,8,간만에 속편을 성공한 헐리우드
10038,16977624,10,다시봐도 여전한 명작 개인적으론 T2보다 에일리언2가 더 좋다
10038,16967635,10,다섯번은 본 거 같다. 아무리 봐도 재밌는 영화. 지금도 이만한 영화 못만드는 듯.
10038,16961919,10,시리즈 중에서 이게 제일 낫다...
10038,16961324,10,이게 80년대 영화라는 걸 알 수 있게 해주는 건 해상도 낮은 브라운관 모니터와 컴퓨터그래픽을 사용하지 않아서 화면에 녹아들지 못하는 수송선의 비행장면 뿐이다. 지난 30년간 과연 영화가 발전했다고 말할 수 있는 것인가? 만들어진 시대를 감안하지 않고 그냥 절대적인 기준으로도 지금 만든 영화중에도 이걸 뛰어넘는 역션영화는 없다고 해도 과언이 아니다. 부족한 기술력을 연출로 극복한 감독의 천재성이 돋보이는 영화
138601,17004731,6,휴머니티한 문소리의 자소서.
138601,16999971,10,
138601,16987523,10,정말 좋았어요. 인생 오후의 삶을 연기하는 배우의 모습이 인상깊었습니다.
138601,16986397,7,보는 즐거움만큼 담고 있는 메시지가 중요해 보이는데 정확히 전달하고자 하는 메시지가 무엇인지 알 것 같으면서도 모호하다. 그런 것이 의도라면 인정
138601,16975187,10,제가 본 영화 중에 가장 좋은 영화입니다. 영화 보는 내내 느끼는 씁쓸함과 답답함은 아마 한국 여성들이라면 모두 느끼지 않았을까요. 제가 본 그 어떤 영화보다 공감됩니다. 이런 여성 영화 많이 나왔으면 합니다.
138601,16950895,10,처음댓글 남겨봅니다문소리님 멋지십니다 앞으로도 응원합니다
138601,16933857,10,여성이라면.. 공감하지 않을까?
138601,16900049,10,
138601,16885593,10,
138601,16883848,6,문소리 너무싫다 혼자 왜 이쁜척
52555,17024976,8,그렇게 남겨진 자들의 이야기
52555,17023897,10,실화이며 스토리가 물 셀 틈 없이 탄탄하고 캐스팅 부터 연기까지 흠잡을 데가 없다. 오랜만에 영화를 보며 섬뜩한 극도의 긴장감 까지 경험 했다.
52555,17021207,10,지루할 틈이 없었고 무엇보다 긴장감을 끝까지 이어나간 영화였다. 포스터의 진실을 알게되는 장면이 잊혀지지가 않는다.
52555,17006829,10,"심장을, 심장을 어찌할 수 없다."
52555,17003793,9,"마크 러팔로, 로버트 다우니 주니어, 제이크 질렌할이 그려주는 조디악킬러의 몽타주"
52555,16999301,10,
52555,16999010,1,최악의 영화입니다. 너무 잔인해요.
52555,16998060,10,지루할 수 있는 전개방식이지만 지루하지않다긴 러닝타임에도 불구하고 보는 사람이 영화를 열심히 따라가게 하는 느낌.실화기반이라는 것을 알고 보면 더욱 흥미진진하다
52555,16995725,10,영화가 현실같이 느껴졌다. cctv에 정말감사하다.
52555,16995089,7,후반부터 너무 답답했음 ㅠㅠ남주...
11757,17029146,7,`
11757,17028773,8,"억압과 사회, 그 속의 아이"
11757,16998945,1,노잼..노잼..노잼
11757,16991093,10,보는 내내 캐리가 안스러웠다. 공포보다는 캐리의 이쁜외모에 홀리는듯...
11757,16991040,8,너무너무 좋은 결과 재미있어 하네요
11757,16979717,9,"신이 인간을 창조했다면, 신도 혀를 내두르며 한탄했을 인간의 \'선천적 폭력성\'. 그것이 할퀴고 간 흔적은 누군가의 영혼엔 죽음으로도 지울 수 없는 핏자국으로 선명히 남는다. 그렇기에 가정과 학교와 종교의 역할이 너무나 중요한 것일 터. 어쨌든 나는, 이보다 더 끔찍한 하이틴 영화를 본 적이 없다. 그리고, 이보다 더 가슴 저미고 먹먹한 호러 영화를 본 적이 없다. 인물의 섬세한 심리와 숨이 멎을 듯한 압도적인 서스펜스를 스크린에 자유자재로 연주해내는 브라이언 드 팔마의 연출력은 히치콕과 비교해도 결코 뒤쳐지지 않을 정도."
11757,16949346,4,분위기가 좋았던 공포영화
11757,16946048,6,무서운 장면은 없어서 공포영화라기엔 좀 약하지만 고전치고는 재미있게 봤습니다.
11757,16901452,10,스티븐 킹을 압도하는 드 팔마. 사악할 정도로 세련된 촬영.음악
11757,16882882,10,우리나라에 제일처음 개봉했을때..나 7살쯤.. 어른들과 영화관에서 봤었는데..다른건 별로 기억나지않는데..주인공 여학생이 친구들에게 심하게 놀림당하고 파티장에서 피 뒤집어쓰던 장면이 아직도 또렷..누군가 캐리 하며 외치던것도..어린나는 캐리가 너무 불쌍하다고 느꼈다..그때봤었던 이영화..46년만에 다시..
178404,15067922,10,"기대안하고 봤는데 , 넘 재밌어서 두번 봤어요~~~^^"
178404,15048439,10,내 프렌치 보이 프렌드 ~~귀여운 톡식
178404,14747904,1,실망입니다 조금그러내요
178404,14747028,1,무엇이나 이게이게이게
178404,14745895,10,뮤지컬 영화. 재밌어요
124238,17024652,8,초반엔 뭐지 하다가 전개가 가면 갈수록 빵 터지는 영화
124238,17024321,10,
124238,17022556,10,쿠엔틴 타란티노의 모든 것
124238,17021284,10,타린티노 엉화같다 말 그대로
124238,17009534,9,타란티노답게 예측이 안되는 스토리
124238,17005576,10,항상 속시원한 결말 타란티노가 최고다
124238,17001373,8,런닝타임을 30분정도 줄여야 했다. 90동안은 개지루하다.
124238,17000250,10,짜릿하다.. 극단적인 진실의 대화들
124238,16998853,8,배우들의 대사에 빠져든다.
124238,16994398,10,늦게 봤지만 만족합니다!! 왜 이렇게 늦게 알았지ㅠㅠ
